source,target,edge_source,year_source,period
10.1063/1.5139865,10.4324/9781315398945,openalex,2019,p2_2013_2019
10.1063/1.5139865,10.1016/j.compedu.2013.10.020,openalex,2019,p2_2013_2019
10.3389/fpsyg.2019.02713,10.1016/j.compedu.2017.03.001,openalex,2019,p2_2013_2019
10.3389/fpsyg.2019.02713,10.3102/0034654317710096,openalex,2019,p2_2013_2019
10.3389/fpsyg.2019.02713,10.1016/j.compedu.2014.11.022,openalex,2019,p2_2013_2019
10.3389/fpsyg.2019.02713,10.1016/j.chb.2015.05.047,openalex,2019,p2_2013_2019
10.3389/fpsyg.2019.02713,10.1016/j.chb.2014.09.012,openalex,2019,p2_2013_2019
10.3389/fpsyg.2019.02713,10.1016/j.chb.2016.08.047,openalex,2019,p2_2013_2019
10.3389/fpsyg.2019.02713,10.1016/j.compedu.2016.03.003,openalex,2019,p2_2013_2019
10.3389/fpsyg.2019.02713,10.1016/j.edurev.2017.09.003,openalex,2019,p2_2013_2019
10.3389/fpsyg.2019.02713,10.1007/s10639-017-9611-4,openalex,2019,p2_2013_2019
10.1108/ils-05-2019-0042,10.1109/siie.2016.7751839,openalex,2019,p2_2013_2019
10.1108/ils-05-2019-0042,10.1145/3137065.3137069,openalex,2019,p2_2013_2019
10.1108/ils-05-2019-0042,10.1007/s11528-016-0098-4,openalex,2019,p2_2013_2019
10.1108/ils-05-2019-0042,10.3102/0013189x12463051,openalex,2019,p2_2013_2019
10.1108/ils-05-2019-0042,10.1016/j.edurev.2017.09.003,openalex,2019,p2_2013_2019
10.1108/ils-05-2019-0042,10.1007/978-3-319-25396-1_13,openalex,2019,p2_2013_2019
10.1108/ils-05-2019-0042,10.1007/s10639-015-9412-6,openalex,2019,p2_2013_2019
10.3390/fi11120263,10.3102/0013189x12463051,openalex,2019,p2_2013_2019
10.3390/fi11120263,10.1016/j.edurev.2017.09.003,openalex,2019,p2_2013_2019
10.3390/fi11120263,10.1007/s11528-016-0098-4,openalex,2019,p2_2013_2019
10.3390/fi11120263,10.1007/s11528-016-0087-7,openalex,2019,p2_2013_2019
10.3390/fi11120263,10.1016/j.chb.2014.09.012,openalex,2019,p2_2013_2019
10.3390/fi11120263,10.1007/s10639-015-9412-6,openalex,2019,p2_2013_2019
10.3390/fi11120263,10.5220/0006367001660170,openalex,2019,p2_2013_2019
10.3390/fi11120263,10.1109/educon.2016.7474667,openalex,2019,p2_2013_2019
10.3390/fi11120263,10.1007/978-3-319-52691-1_13,openalex,2019,p2_2013_2019
10.15294/jpii.v8i4.19259,10.1145/3137065.3137069,openalex,2019,p2_2013_2019
10.15294/jpii.v8i4.19259,10.1145/2968120.2987750,openalex,2019,p2_2013_2019
10.15294/jpii.v8i4.19259,10.1016/j.chb.2014.09.012,openalex,2019,p2_2013_2019
10.15294/jpii.v8i4.19259,10.1186/s41239-017-0080-z,openalex,2019,p2_2013_2019
10.15294/jpii.v8i4.19259,10.1007/s10639-015-9412-6,openalex,2019,p2_2013_2019
10.1186/s40594-019-0194-z,10.1007/s10956-017-9725-x,openalex,2019,p2_2013_2019
10.1186/s40594-019-0194-z,10.1109/educon.2017.7943078,openalex,2019,p2_2013_2019
10.1186/s40594-019-0194-z,10.1007/s10956-015-9581-5,openalex,2019,p2_2013_2019
10.1007/s10956-019-09799-3,10.1016/j.robot.2015.10.008,openalex,2019,p2_2013_2019
10.1007/s10956-019-09799-3,10.1007/s10639-017-9658-2,openalex,2019,p2_2013_2019
10.1007/s10956-019-09799-3,10.1007/s11257-017-9187-0,openalex,2019,p2_2013_2019
10.1007/s10956-019-09799-3,10.1080/2331186x.2018.1507306,openalex,2019,p2_2013_2019
10.1007/s10956-019-09799-3,10.1016/j.compedu.2013.10.020,openalex,2019,p2_2013_2019
10.1007/s10956-019-09799-3,10.1016/j.compedu.2017.03.001,openalex,2019,p2_2013_2019
10.1007/s10956-019-09799-3,10.1016/j.ijcci.2017.11.003,openalex,2019,p2_2013_2019
10.1007/s10956-019-09799-3,10.1016/j.compedu.2017.09.004,openalex,2019,p2_2013_2019
10.1007/s10956-019-09799-3,10.1080/10494820.2017.1337036,openalex,2019,p2_2013_2019
10.1007/s10956-019-09799-3,10.3102/0013189x12463051,openalex,2019,p2_2013_2019
10.1007/s10956-019-09799-3,10.1080/08993408.2015.1033142,openalex,2019,p2_2013_2019
10.1007/s10956-019-09799-3,10.1016/j.chb.2017.01.005,openalex,2019,p2_2013_2019
10.1007/s10956-019-09799-3,10.1007/s10956-016-9628-2,openalex,2019,p2_2013_2019
10.1007/s10956-019-09799-3,10.1080/08993408.2018.1533297,openalex,2019,p2_2013_2019
10.1007/s10956-019-09799-3,10.1016/j.chb.2014.09.012,openalex,2019,p2_2013_2019
10.1007/s10956-019-09799-3,10.1109/educon.2016.7474681,openalex,2019,p2_2013_2019
10.1007/s10956-019-09799-3,10.1109/access.2018.2877417,openalex,2019,p2_2013_2019
10.1007/s10956-019-09799-3,10.1007/s10639-018-9724-4,openalex,2019,p2_2013_2019
10.1007/s10956-019-09799-3,10.1007/s11251-017-9421-5,openalex,2019,p2_2013_2019
10.1007/s10956-019-09799-3,10.15388/infedu.2018.05,openalex,2019,p2_2013_2019
10.1007/s10956-019-09799-3,10.1109/rita.2018.2809941,openalex,2019,p2_2013_2019
10.1007/s10956-019-09799-3,10.1016/j.chb.2016.08.047,openalex,2019,p2_2013_2019
10.1007/s10956-019-09799-3,10.1016/j.ijcci.2018.06.004,openalex,2019,p2_2013_2019
10.1007/s10956-019-09799-3,10.1186/s41239-017-0080-z,openalex,2019,p2_2013_2019
10.1007/s10956-019-09799-3,10.1016/j.compedu.2016.03.003,openalex,2019,p2_2013_2019
10.1007/s10956-019-09799-3,10.1016/j.edurev.2017.09.003,openalex,2019,p2_2013_2019
10.1007/s10956-019-09799-3,10.1145/3104982,openalex,2019,p2_2013_2019
10.1007/s10956-019-09799-3,10.1007/978-3-319-52691-1_13,openalex,2019,p2_2013_2019
10.1007/s10956-019-09799-3,10.1007/s10639-018-9801-8,openalex,2019,p2_2013_2019
10.1007/s40692-019-00147-3,10.3102/0013189x12463051,openalex,2019,p2_2013_2019
10.1016/j.tsc.2019.100593,10.1016/j.compedu.2017.03.001,openalex,2019,p2_2013_2019
10.1016/j.tsc.2019.100593,10.3102/0013189x12463051,openalex,2019,p2_2013_2019
10.1016/j.tsc.2019.100593,10.1007/978-3-319-93566-9_12,openalex,2019,p2_2013_2019
10.1016/j.tsc.2019.100593,10.1007/978-3-319-25396-1_13,openalex,2019,p2_2013_2019
10.1016/j.tsc.2019.100593,10.1007/978-3-642-36617-8_4,openalex,2019,p2_2013_2019
10.1016/j.tsc.2019.100593,10.1007/s11528-018-0295-4,openalex,2019,p2_2013_2019
10.4018/978-1-7998-1486-3.ch006,10.1016/j.compedu.2013.10.020,openalex,2019,p2_2013_2019
10.4018/978-1-7998-1486-3.ch006,10.1016/j.compedu.2019.04.013,openalex,2019,p2_2013_2019
10.4018/978-1-7998-1486-3.ch006,10.3102/0034654317710096,openalex,2019,p2_2013_2019
10.4018/978-1-7998-1486-3.ch006,10.1016/j.compedu.2017.03.001,openalex,2019,p2_2013_2019
10.4018/978-1-7998-1486-3.ch006,10.1007/s11528-018-0292-7,openalex,2019,p2_2013_2019
10.4018/978-1-7998-1486-3.ch006,10.3102/0013189x12463051,openalex,2019,p2_2013_2019
10.4018/978-1-7998-1486-3.ch006,10.1016/j.chb.2016.08.047,openalex,2019,p2_2013_2019
10.4018/978-1-7998-1486-3.ch006,10.1016/j.compedu.2016.03.003,openalex,2019,p2_2013_2019
10.1145/3364510.3364521,10.1016/j.chb.2014.09.012,openalex,2019,p2_2013_2019
10.1145/3364510.3364521,10.1016/j.edurev.2017.09.003,openalex,2019,p2_2013_2019
10.1145/3364510.3364521,10.1007/s11528-015-0840-3,openalex,2019,p2_2013_2019
10.1145/3364510.3364521,10.1145/2676660,openalex,2019,p2_2013_2019
10.1145/3364510.3364521,10.1145/3197091.3197104,openalex,2019,p2_2013_2019
10.1145/3364510.3364521,10.1109/tale.2016.7851769,openalex,2019,p2_2013_2019
10.1145/3364510.3364521,10.1016/j.chb.2017.01.005,openalex,2019,p2_2013_2019
10.1145/3364510.3364521,10.1186/s41239-017-0080-z,openalex,2019,p2_2013_2019
10.1145/3364510.3364521,10.1109/icccnt.2018.8494172,openalex,2019,p2_2013_2019
10.1145/3364510.3364513,10.1016/j.compedu.2013.10.020,openalex,2019,p2_2013_2019
10.1145/3364510.3364513,10.3102/0013189x12463051,openalex,2019,p2_2013_2019
10.1145/3364510.3364513,10.1145/2445196.2445404,openalex,2019,p2_2013_2019
10.1145/3364510.3364513,10.1177/0735633115612785,openalex,2019,p2_2013_2019
10.1145/3364510.3364513,10.1080/13614568.2016.1152314,openalex,2019,p2_2013_2019
10.1145/3364510.3364513,10.1007/s11528-018-0295-4,openalex,2019,p2_2013_2019
10.1145/3364510.3364513,10.1007/s10639-016-9482-0,openalex,2019,p2_2013_2019
10.1108/idd-09-2019-0065,10.1016/j.robot.2015.10.008,openalex,2019,p2_2013_2019
10.1108/idd-09-2019-0065,10.1016/j.compedu.2017.03.001,openalex,2019,p2_2013_2019
10.1108/idd-09-2019-0065,10.1007/s10639-018-9729-z,openalex,2019,p2_2013_2019
10.1108/idd-09-2019-0065,10.1007/s10956-016-9628-2,openalex,2019,p2_2013_2019
10.1108/idd-09-2019-0065,10.1007/s11528-016-0087-7,openalex,2019,p2_2013_2019
10.1088/1742-6596/1317/1/012172,10.1016/j.chb.2016.08.047,openalex,2019,p2_2013_2019
10.1145/3371647.3371651,10.1016/j.compedu.2013.10.020,openalex,2019,p2_2013_2019
10.1145/3371647.3371651,10.3102/0013189x12463051,openalex,2019,p2_2013_2019
10.1145/3371647.3371651,10.1007/s10639-015-9412-6,openalex,2019,p2_2013_2019
10.1109/siie48397.2019.8970131,10.3102/0013189x12463051,openalex,2019,p2_2013_2019
10.1109/rita.2019.2952299,10.1109/latice.2015.44,openalex,2019,p2_2013_2019
10.1109/rita.2019.2952299,10.1007/s10956-015-9581-5,openalex,2019,p2_2013_2019
10.1109/rita.2019.2952299,10.1145/3144826.3145355,openalex,2019,p2_2013_2019
10.1016/j.heliyon.2019.e02820,10.1016/j.chb.2017.12.005,openalex,2019,p2_2013_2019
10.1016/j.heliyon.2019.e02820,10.1145/2513456.2513484,openalex,2019,p2_2013_2019
10.1016/j.heliyon.2019.e02820,10.3102/0013189x12463051,openalex,2019,p2_2013_2019
10.1016/j.heliyon.2019.e02820,10.1016/j.chb.2017.01.005,openalex,2019,p2_2013_2019
10.1016/j.heliyon.2019.e02820,10.1109/rita.2018.2809941,openalex,2019,p2_2013_2019
10.1016/j.heliyon.2019.e02820,10.1016/j.chb.2016.08.047,openalex,2019,p2_2013_2019
10.1016/j.heliyon.2019.e02820,10.1145/2462476.2483797,openalex,2019,p2_2013_2019
10.1016/j.jss.2019.110401,10.1016/j.compedu.2017.09.004,openalex,2019,p2_2013_2019
10.1016/j.jss.2019.110401,10.1016/j.chb.2017.01.005,openalex,2019,p2_2013_2019
10.1016/j.compedu.2019.103633,10.3102/0013189x12463051,openalex,2019,p2_2013_2019
10.1016/j.compedu.2019.103633,10.1145/2700517,openalex,2019,p2_2013_2019
10.1016/j.compedu.2019.103633,10.1016/j.chb.2016.08.047,openalex,2019,p2_2013_2019
10.1016/j.compedu.2019.103633,10.1145/2839509.2844656,openalex,2019,p2_2013_2019
10.1016/j.compedu.2019.103633,10.1007/978-3-030-02762-9_9,openalex,2019,p2_2013_2019
10.1016/j.compedu.2019.103607,10.1016/j.robot.2015.10.008,openalex,2019,p2_2013_2019
10.1016/j.compedu.2019.103607,10.1007/s10956-015-9552-x,openalex,2019,p2_2013_2019
10.1016/j.compedu.2019.103607,10.1016/j.compedu.2017.03.001,openalex,2019,p2_2013_2019
10.1016/j.compedu.2019.103607,10.1111/jcal.12155,openalex,2019,p2_2013_2019
10.1016/j.compedu.2019.103607,10.3102/0013189x12463051,openalex,2019,p2_2013_2019
10.1016/j.compedu.2019.103607,10.1080/08993408.2015.1033142,openalex,2019,p2_2013_2019
10.1016/j.compedu.2019.103607,10.1016/j.chb.2014.09.012,openalex,2019,p2_2013_2019
10.1016/j.compedu.2019.103607,10.1109/educon.2015.7096089,openalex,2019,p2_2013_2019
10.1016/j.compedu.2019.103607,10.1016/j.chb.2016.08.047,openalex,2019,p2_2013_2019
10.1016/j.compedu.2019.103607,10.1016/j.ijcci.2018.06.004,openalex,2019,p2_2013_2019
10.1016/j.compedu.2019.103607,10.1016/j.compedu.2016.03.003,openalex,2019,p2_2013_2019
10.1016/j.compedu.2019.103607,10.1080/11356405.2017.1305075,openalex,2019,p2_2013_2019
10.1016/j.compedu.2019.103607,10.1007/s10639-015-9412-6,openalex,2019,p2_2013_2019
10.1016/j.compedu.2019.103607,10.1007/s10956-015-9581-5,openalex,2019,p2_2013_2019
10.1016/j.compedu.2019.103607,10.1145/2670757.2670767,openalex,2019,p2_2013_2019
10.1016/j.compedu.2019.103607,10.1145/2968120.2987750,openalex,2019,p2_2013_2019
10.1016/j.compedu.2019.103607,10.1007/978-3-319-24258-3_2,openalex,2019,p2_2013_2019
10.1016/j.compedu.2019.103607,10.1109/educon.2014.6826147,openalex,2019,p2_2013_2019
10.1016/j.compedu.2019.103607,10.1109/tale.2017.8252356,openalex,2019,p2_2013_2019
10.1016/j.compedu.2019.103607,10.1080/0144929x.2016.1188415,openalex,2019,p2_2013_2019
10.1016/j.compedu.2019.103607,10.1145/2445196.2445227,openalex,2019,p2_2013_2019
10.1016/j.compedu.2019.103607,10.1145/2676723.2677244,openalex,2019,p2_2013_2019
10.1016/j.compedu.2019.103607,10.1080/08993408.2017.1308651,openalex,2019,p2_2013_2019
10.1016/j.compedu.2019.103607,10.1109/fie.2015.7344240,openalex,2019,p2_2013_2019
10.1145/3361721.3361729,10.1016/j.compedu.2013.10.020,openalex,2019,p2_2013_2019
10.1145/3361721.3361729,10.1016/j.compedu.2017.03.001,openalex,2019,p2_2013_2019
10.1145/3361721.3361729,10.3102/0013189x12463051,openalex,2019,p2_2013_2019
10.1145/3361721.3361729,10.1145/2591708.2591724,openalex,2019,p2_2013_2019
10.1145/3361721.3361729,10.1016/j.chb.2016.08.047,openalex,2019,p2_2013_2019
10.1145/3361721.3361729,10.1016/j.ijcci.2018.06.004,openalex,2019,p2_2013_2019
10.1145/3361721.3361729,10.1016/j.edurev.2017.09.003,openalex,2019,p2_2013_2019
10.1145/3361721.3361729,10.1037/edu0000314,openalex,2019,p2_2013_2019
10.1145/3361721.3361729,10.1007/978-3-030-11548-7_9,openalex,2019,p2_2013_2019
10.1145/3341215.3356264,10.1145/2839462.2856541,openalex,2019,p2_2013_2019
10.1145/3362789.3362893,10.1016/j.chb.2017.12.005,openalex,2019,p2_2013_2019
10.1145/3362789.3362893,10.1007/978-3-319-93566-9_11,openalex,2019,p2_2013_2019
10.1145/3362789.3362893,10.1016/j.robot.2015.10.008,openalex,2019,p2_2013_2019
10.1145/3362789.3362893,10.1016/j.compedu.2013.10.020,openalex,2019,p2_2013_2019
10.1145/3362789.3362874,10.1016/j.chb.2017.12.005,openalex,2019,p2_2013_2019
10.1145/3362789.3362874,10.3102/0013189x12463051,openalex,2019,p2_2013_2019
10.1145/3362789.3362874,10.3916/c59-2019-06,openalex,2019,p2_2013_2019
10.1145/3362789.3362874,10.1016/j.compedu.2013.10.020,openalex,2019,p2_2013_2019
10.1145/3362789.3362874,10.1016/j.ijcci.2018.06.005,openalex,2019,p2_2013_2019
10.1109/fie43999.2019.9028384,10.1007/s10956-015-9581-5,openalex,2019,p2_2013_2019
10.1109/fie43999.2019.9028384,10.1109/fie.2017.8190655,openalex,2019,p2_2013_2019
10.1109/fie43999.2019.9028384,10.15388/informatica.2017.119,openalex,2019,p2_2013_2019
10.1109/fie43999.2019.9028384,10.1016/j.chb.2017.12.005,openalex,2019,p2_2013_2019
10.1109/fie43999.2019.9028384,10.1145/2513456.2513484,openalex,2019,p2_2013_2019
10.1109/fie43999.2019.9028384,10.1145/3287324.3287405,openalex,2019,p2_2013_2019
10.1109/fie43999.2019.9028384,10.1109/t4e.2016.016,openalex,2019,p2_2013_2019
10.1109/fie43999.2019.9028384,10.1145/3284179.3284186,openalex,2019,p2_2013_2019
10.1109/fie43999.2019.9028384,10.1109/fie.2016.7757409,openalex,2019,p2_2013_2019
10.1109/laclo49268.2019.00046,10.1177/0735633117743918,openalex,2019,p2_2013_2019
10.1109/laclo49268.2019.00046,10.1016/j.compedu.2017.09.004,openalex,2019,p2_2013_2019
10.1109/laclo49268.2019.00046,10.1016/j.compedu.2013.10.020,openalex,2019,p2_2013_2019
10.1109/laclo49268.2019.00046,10.1016/j.chb.2016.08.047,openalex,2019,p2_2013_2019
10.1109/laclo49268.2019.00046,10.1007/s10956-015-9581-5,openalex,2019,p2_2013_2019
10.1109/laclo49268.2019.00046,10.1186/s41239-017-0080-z,openalex,2019,p2_2013_2019
10.1109/laclo49268.2019.00046,10.3102/0013189x12463051,openalex,2019,p2_2013_2019
10.1109/laclo49268.2019.00046,10.1016/j.compedu.2017.03.001,openalex,2019,p2_2013_2019
10.3390/informatics6040043,10.1016/j.chb.2017.12.005,openalex,2019,p2_2013_2019
10.3390/informatics6040043,10.1080/15391523.2016.1146563,openalex,2019,p2_2013_2019
10.3390/informatics6040043,10.1007/s11135-017-0509-4,openalex,2019,p2_2013_2019
10.3390/informatics6040043,10.1145/3012430.3012495,openalex,2019,p2_2013_2019
10.3390/informatics6040043,10.1016/j.compedu.2013.10.020,openalex,2019,p2_2013_2019
10.3390/informatics6040043,10.1145/3284179.3284186,openalex,2019,p2_2013_2019
10.3390/informatics6040043,10.1007/978-3-319-71483-7_9,openalex,2019,p2_2013_2019
10.3390/informatics6040043,10.1016/j.compedu.2017.03.001,openalex,2019,p2_2013_2019
10.1109/bb48857.2019.8941222,10.3102/0013189x12463051,openalex,2019,p2_2013_2019
10.1007/s40299-019-00438-4,10.1016/j.compedu.2013.10.020,openalex,2019,p2_2013_2019
10.1007/s40299-019-00438-4,10.1007/s10956-015-9581-5,openalex,2019,p2_2013_2019
10.1016/j.chb.2019.01.008,10.1016/j.compedu.2013.10.020,openalex,2019,p2_2013_2019
10.1016/j.chb.2019.01.008,10.3102/0013189x12463051,openalex,2019,p2_2013_2019
10.1016/j.chb.2019.01.008,10.1080/08993408.2015.1033142,openalex,2019,p2_2013_2019
10.1016/j.chb.2019.01.008,10.1016/j.chb.2015.05.047,openalex,2019,p2_2013_2019
10.1016/j.chb.2019.01.008,10.1016/j.chb.2014.09.012,openalex,2019,p2_2013_2019
10.1016/j.chb.2019.01.008,10.1016/j.compedu.2016.03.003,openalex,2019,p2_2013_2019
10.1016/j.chb.2019.01.008,10.1145/3078072.3079740,openalex,2019,p2_2013_2019
10.1145/3349266.3351410,10.1109/t4e.2016.016,openalex,2019,p2_2013_2019
10.1145/3349266.3351410,10.1145/2808006.2808033,openalex,2019,p2_2013_2019
10.1145/3349266.3351410,10.1145/3144826.3145353,openalex,2019,p2_2013_2019
10.1145/3349266.3351410,10.3102/0013189x12463051,openalex,2019,p2_2013_2019
10.1145/3349266.3351410,10.1109/fie.2013.6685067,openalex,2019,p2_2013_2019
10.1145/3349266.3351410,10.1109/tale.2018.8615232,openalex,2019,p2_2013_2019
10.1108/itse-11-2018-0097,10.1007/s10639-015-9412-6,openalex,2019,p2_2013_2019
10.1108/itse-11-2018-0097,10.1007/s10956-015-9581-5,openalex,2019,p2_2013_2019
10.1007/s10639-019-09919-x,10.1177/1475725716659252,openalex,2019,p2_2013_2019
10.1007/s10639-019-09919-x,10.1016/j.robot.2015.10.008,openalex,2019,p2_2013_2019
10.1007/s10639-019-09919-x,10.1016/j.chb.2017.04.058,openalex,2019,p2_2013_2019
10.1007/s10639-019-09919-x,10.1016/j.compedu.2013.10.020,openalex,2019,p2_2013_2019
10.1007/s10639-019-09919-x,10.1177/0735633116642774,openalex,2019,p2_2013_2019
10.1007/s10639-019-09919-x,10.1016/j.compedu.2017.03.001,openalex,2019,p2_2013_2019
10.1007/s10639-019-09919-x,10.1016/j.compedu.2017.09.004,openalex,2019,p2_2013_2019
10.1007/s10639-019-09919-x,10.1016/j.chb.2017.12.005,openalex,2019,p2_2013_2019
10.1007/s10639-019-09919-x,10.3102/0013189x12463051,openalex,2019,p2_2013_2019
10.1007/s10639-019-09919-x,10.1007/s10639-018-9849-5,openalex,2019,p2_2013_2019
10.1007/s10639-019-09919-x,10.1016/j.compedu.2014.11.022,openalex,2019,p2_2013_2019
10.1007/s10639-019-09919-x,10.1016/j.chb.2017.01.005,openalex,2019,p2_2013_2019
10.1007/s10639-019-09919-x,10.1016/j.chb.2014.09.012,openalex,2019,p2_2013_2019
10.1007/s10639-019-09919-x,10.1016/j.chb.2016.08.047,openalex,2019,p2_2013_2019
10.1007/s10639-019-09919-x,10.1016/j.ijcci.2018.06.004,openalex,2019,p2_2013_2019
10.1007/s10639-019-09919-x,10.1016/j.edurev.2017.09.003,openalex,2019,p2_2013_2019
10.1007/s10639-019-09919-x,10.1177/0735633117743918,openalex,2019,p2_2013_2019
10.1007/s10639-019-09919-x,10.1007/s10639-015-9412-6,openalex,2019,p2_2013_2019
10.1007/s10639-019-09919-x,10.1007/s10956-015-9581-5,openalex,2019,p2_2013_2019
10.1007/s10639-019-09919-x,10.1007/s11528-016-0087-7,openalex,2019,p2_2013_2019
10.22460/infinity.v8i2.p109-116,10.1007/s10639-017-9675-1,openalex,2019,p2_2013_2019
10.22460/infinity.v8i2.p109-116,10.1080/0020739x.2016.1254296,openalex,2019,p2_2013_2019
10.22460/infinity.v8i2.p109-116,10.1016/j.compedu.2017.09.004,openalex,2019,p2_2013_2019
10.22460/infinity.v8i2.p109-116,10.1108/ijilt-09-2016-0048,openalex,2019,p2_2013_2019
10.22460/infinity.v8i2.p109-116,10.1007/978-3-319-52691-1_7,openalex,2019,p2_2013_2019
10.22460/infinity.v8i2.p109-116,10.1007/s10758-017-9328-x,openalex,2019,p2_2013_2019
10.22460/infinity.v8i2.p109-116,10.1007/s10639-015-9412-6,openalex,2019,p2_2013_2019
10.22460/infinity.v8i2.p109-116,10.1007/s10956-015-9581-5,openalex,2019,p2_2013_2019
10.22460/infinity.v8i2.p109-116,10.3102/0013189x12463051,openalex,2019,p2_2013_2019
10.1109/vs-games.2019.8864603,10.1145/2839462.2856541,openalex,2019,p2_2013_2019
10.1109/vs-games.2019.8864603,10.1016/j.chb.2015.05.047,openalex,2019,p2_2013_2019
10.1109/vs-games.2019.8864603,10.1016/j.compedu.2018.10.005,openalex,2019,p2_2013_2019
10.1109/vs-games.2019.8864603,10.1007/s11528-016-0087-7,openalex,2019,p2_2013_2019
10.1109/vs-games.2019.8864603,10.1016/j.chb.2014.09.012,openalex,2019,p2_2013_2019
10.1109/vs-games.2019.8864603,10.1016/j.edurev.2017.09.003,openalex,2019,p2_2013_2019
10.1109/vs-games.2019.8864603,10.1007/s11042-019-7229-9,openalex,2019,p2_2013_2019
10.3390/su11185109,10.3102/0013189x12463051,openalex,2019,p2_2013_2019
10.3390/educsci9030181,10.1016/j.compedu.2016.03.003,openalex,2019,p2_2013_2019
10.3390/educsci9030181,10.1016/j.compedu.2014.11.022,openalex,2019,p2_2013_2019
10.3390/educsci9030181,10.3102/0013189x12463051,openalex,2019,p2_2013_2019
10.3390/educsci9030181,10.1145/2445196.2445227,openalex,2019,p2_2013_2019
10.3390/educsci9030181,10.1016/j.chb.2014.09.012,openalex,2019,p2_2013_2019
10.3390/educsci9030181,10.1080/08993408.2015.1033142,openalex,2019,p2_2013_2019
10.1016/j.ijcci.2019.06.005,10.1016/j.ijcci.2018.06.004,openalex,2019,p2_2013_2019
10.1016/j.ijcci.2019.06.005,10.1145/3213818.3213829,openalex,2019,p2_2013_2019
10.1016/j.compedu.2019.04.013,10.1016/j.compedu.2017.03.001,openalex,2019,p2_2013_2019
10.1016/j.compedu.2019.04.013,10.1111/bjet.12355,openalex,2019,p2_2013_2019
10.1016/j.compedu.2019.04.013,10.1016/j.chb.2016.08.047,openalex,2019,p2_2013_2019
10.1016/j.compedu.2019.04.013,10.1109/tlt.2017.2724031,openalex,2019,p2_2013_2019
10.1016/j.compedu.2019.04.013,10.1007/s11528-018-0292-7,openalex,2019,p2_2013_2019
10.1002/tea.21545,10.1007/978-3-319-93566-9_7,openalex,2019,p2_2013_2019
10.1002/tea.21545,10.1109/fie.2015.7344241,openalex,2019,p2_2013_2019
10.1002/tea.21545,10.3102/0013189x12463051,openalex,2019,p2_2013_2019
10.1002/tea.21545,10.1007/978-3-319-93566-9_2,openalex,2019,p2_2013_2019
10.1002/tea.21545,10.1525/abt.2018.80.1.21,openalex,2019,p2_2013_2019
10.1002/tea.21545,10.1109/fie.2015.7344240,openalex,2019,p2_2013_2019
10.1002/tea.21545,10.1007/978-3-319-93566-9_8,openalex,2019,p2_2013_2019
10.1002/tea.21545,10.1007/s10956-015-9581-5,openalex,2019,p2_2013_2019
10.1145/3337722.3337768,10.1145/3078072.3091990,openalex,2019,p2_2013_2019
10.1145/3337722.3337768,10.1016/j.ijcci.2014.06.003,openalex,2019,p2_2013_2019
10.1145/3337722.3337768,10.1016/j.chb.2014.09.012,openalex,2019,p2_2013_2019
10.1145/3337722.3337768,10.1109/educon.2017.7942991,openalex,2019,p2_2013_2019
10.1145/3337722.3337768,10.1007/s10956-015-9581-5,openalex,2019,p2_2013_2019
10.1145/3337722.3337768,10.1016/j.edurev.2017.09.003,openalex,2019,p2_2013_2019
10.1145/3337722.3337768,10.3102/0013189x12463051,openalex,2019,p2_2013_2019
10.1080/07380569.2019.1639593,10.3102/0013189x12463051,openalex,2019,p2_2013_2019
10.1080/07380569.2019.1639593,10.1145/2670757.2670767,openalex,2019,p2_2013_2019
10.1145/3304221.3319786,10.1145/3265757.3265778,openalex,2019,p2_2013_2019
10.1145/3304221.3319786,10.1145/3287324.3287431,openalex,2019,p2_2013_2019
10.1145/3304221.3319786,10.1145/3202185.3210800,openalex,2019,p2_2013_2019
10.1145/3304221.3319786,10.1016/j.chb.2015.05.047,openalex,2019,p2_2013_2019
10.1145/3304221.3319786,10.1145/2684721.2684736,openalex,2019,p2_2013_2019
10.1145/3304221.3319786,10.1007/s10639-016-9482-0,openalex,2019,p2_2013_2019
10.1145/3304221.3319786,10.1007/s10956-015-9581-5,openalex,2019,p2_2013_2019
10.1145/3304221.3319793,10.3102/0013189x12463051,openalex,2019,p2_2013_2019
10.1145/3304221.3319793,10.1016/j.chb.2016.08.047,openalex,2019,p2_2013_2019
10.1145/3304221.3319793,10.1016/j.edurev.2017.09.003,openalex,2019,p2_2013_2019
10.1145/3304221.3319772,10.3102/0013189x12463051,openalex,2019,p2_2013_2019
10.1145/3304221.3319772,10.1007/s10956-015-9581-5,openalex,2019,p2_2013_2019
10.1145/3304221.3319772,10.1007/s11528-016-0087-7,openalex,2019,p2_2013_2019
10.1109/icalt.2019.00112,10.1007/s10956-015-9581-5,openalex,2019,p2_2013_2019
10.1109/icalt.2019.00112,10.1016/j.jmathb.2017.06.004,openalex,2019,p2_2013_2019
10.1145/3336126,10.1016/j.compedu.2013.10.020,openalex,2019,p2_2013_2019
10.1145/3336126,10.1145/2445196.2445404,openalex,2019,p2_2013_2019
10.1145/3336126,10.1007/s10758-017-9328-x,openalex,2019,p2_2013_2019
10.1145/3336126,10.1007/978-3-319-52691-1_17,openalex,2019,p2_2013_2019
10.1037/edu0000314,10.2190/ec.49.4.b,openalex,2019,p2_2013_2019
10.1037/edu0000314,10.1007/978-3-319-41713-4_49,openalex,2019,p2_2013_2019
10.1037/edu0000314,10.17485/ijst/2016/v9i46/107837,openalex,2019,p2_2013_2019
10.1037/edu0000314,10.3102/0013189x12463051,openalex,2019,p2_2013_2019
10.1037/edu0000314,10.1007/978-3-319-24258-3_2,openalex,2019,p2_2013_2019
10.1037/edu0000314,10.1016/j.chb.2014.09.012,openalex,2019,p2_2013_2019
10.1037/edu0000314,10.1016/j.chb.2016.08.047,openalex,2019,p2_2013_2019
10.1037/edu0000314,10.1016/j.edurev.2017.09.003,openalex,2019,p2_2013_2019
10.1037/edu0000314,10.3102/0034654317710096,openalex,2019,p2_2013_2019
10.1037/edu0000314,10.1007/s11251-017-9421-5,openalex,2019,p2_2013_2019
10.1145/3311927.3323152,10.1145/3137065.3137069,openalex,2019,p2_2013_2019
10.1145/3311927.3323152,10.1145/2983468.2983517,openalex,2019,p2_2013_2019
10.1145/3311927.3323152,10.1145/3277565,openalex,2019,p2_2013_2019
10.1145/3311927.3323152,10.3102/0013189x12463051,openalex,2019,p2_2013_2019
10.1145/3311927.3323152,10.1145/2968120.2987750,openalex,2019,p2_2013_2019
10.1145/3311927.3323152,10.1016/j.chb.2015.05.047,openalex,2019,p2_2013_2019
10.1145/3311927.3323152,10.1016/j.chb.2014.09.012,openalex,2019,p2_2013_2019
10.1145/3311927.3323152,10.1109/educon.2016.7474681,openalex,2019,p2_2013_2019
10.1145/3311927.3323152,10.1145/3027063.3053216,openalex,2019,p2_2013_2019
10.1145/3311927.3323152,10.1007/s10956-017-9725-x,openalex,2019,p2_2013_2019
10.1145/3311927.3323152,10.1109/iwsc.2017.7880506,openalex,2019,p2_2013_2019
10.1145/3311927.3323152,10.1016/j.chb.2016.08.047,openalex,2019,p2_2013_2019
10.1145/3311927.3323152,10.1145/3102071.3106352,openalex,2019,p2_2013_2019
10.1145/3311927.3323152,10.1016/j.edurev.2017.09.003,openalex,2019,p2_2013_2019
10.1145/3311927.3323152,10.1007/s10956-015-9581-5,openalex,2019,p2_2013_2019
10.1145/3311927.3323152,10.4018/ijgbl.2016010101,openalex,2019,p2_2013_2019
10.1145/3311927.3323152,10.1016/j.ijcci.2018.06.004,openalex,2019,p2_2013_2019
10.1108/ils-05-2018-0035,10.3102/0013189x12463051,openalex,2019,p2_2013_2019
10.1108/ils-05-2018-0035,10.1016/j.chb.2014.09.012,openalex,2019,p2_2013_2019
10.1108/ils-05-2018-0035,10.1007/s10639-015-9412-6,openalex,2019,p2_2013_2019
10.1108/ils-05-2018-0035,10.1145/3104982,openalex,2019,p2_2013_2019
10.17275/per.19.2.6.1,10.1016/j.compedu.2017.03.001,openalex,2019,p2_2013_2019
10.17275/per.19.2.6.1,10.1016/j.chb.2014.09.012,openalex,2019,p2_2013_2019
10.17275/per.19.2.6.1,10.1016/j.chb.2016.08.047,openalex,2019,p2_2013_2019
10.17275/per.19.2.6.1,10.3102/0013189x12463051,openalex,2019,p2_2013_2019
10.17275/per.19.2.6.1,10.1016/j.chb.2017.01.005,openalex,2019,p2_2013_2019
10.1016/j.ijcci.2019.03.004,10.1007/s10639-016-9482-0,openalex,2019,p2_2013_2019
10.1111/jcal.12348,10.1007/s11528-015-0840-3,openalex,2019,p2_2013_2019
10.1111/jcal.12348,10.1016/j.chb.2017.01.005,openalex,2019,p2_2013_2019
10.1111/jcal.12348,10.1016/j.chb.2014.09.012,openalex,2019,p2_2013_2019
10.1111/jcal.12348,10.1016/j.chb.2016.08.047,openalex,2019,p2_2013_2019
10.1111/jcal.12348,10.1007/s11423-013-9327-0,openalex,2019,p2_2013_2019
10.1007/s11042-019-7229-9,10.1016/j.robot.2015.10.008,openalex,2019,p2_2013_2019
10.1007/s11042-019-7229-9,10.1016/j.compedu.2013.10.020,openalex,2019,p2_2013_2019
10.1007/s11042-019-7229-9,10.1177/0735633116642774,openalex,2019,p2_2013_2019
10.1007/s11042-019-7229-9,10.1080/08993408.2015.1033142,openalex,2019,p2_2013_2019
10.1007/s11042-019-7229-9,10.1016/j.ijcci.2014.06.003,openalex,2019,p2_2013_2019
10.1007/s11042-019-7229-9,10.1016/j.chb.2014.09.012,openalex,2019,p2_2013_2019
10.1007/s11042-019-7229-9,10.1016/j.edurev.2017.09.003,openalex,2019,p2_2013_2019
10.1007/s11042-019-7229-9,10.1145/2445196.2445374,openalex,2019,p2_2013_2019
10.1007/s11042-019-7229-9,10.1109/vlhcc.2016.7739692,openalex,2019,p2_2013_2019
10.1007/s11042-019-7229-9,10.1007/s10639-015-9412-6,openalex,2019,p2_2013_2019
10.1007/s11042-019-7229-9,10.1155/2014/428080,openalex,2019,p2_2013_2019
10.1007/s11042-019-7229-9,10.4018/ijgbl.2016010101,openalex,2019,p2_2013_2019
10.1007/s11042-019-7229-9,10.1007/978-3-319-52691-1_13,openalex,2019,p2_2013_2019
10.1007/s11528-018-0295-4,10.1109/fie.2016.7757678,openalex,2019,p2_2013_2019
10.1007/s11528-018-0295-4,10.1007/978-3-319-52691-1_12,openalex,2019,p2_2013_2019
10.1007/s11528-018-0295-4,10.1016/j.chb.2014.09.012,openalex,2019,p2_2013_2019
10.1007/s11528-018-0295-4,10.1007/s10639-016-9482-0,openalex,2019,p2_2013_2019
10.1007/s11528-018-0295-4,10.1007/978-3-319-52691-1_15,openalex,2019,p2_2013_2019
10.1145/3290605.3300744,10.1016/j.compedu.2014.11.022,openalex,2019,p2_2013_2019
10.1145/3290605.3300744,10.1145/2971329,openalex,2019,p2_2013_2019
10.1145/3290605.3300744,10.1016/j.compedu.2016.04.011,openalex,2019,p2_2013_2019
10.1145/3290607.3312871,10.1016/j.chb.2016.08.047,openalex,2019,p2_2013_2019
10.1145/3290607.3312871,10.1016/j.edurev.2017.09.003,openalex,2019,p2_2013_2019
10.1080/07370008.2018.1539738,10.3102/0013189x12463051,openalex,2019,p2_2013_2019
10.1080/07370008.2018.1539738,10.1007/s10956-015-9581-5,openalex,2019,p2_2013_2019
10.1080/00330124.2018.1518720,10.3102/0013189x12463051,openalex,2019,p2_2013_2019
10.1080/00330124.2018.1518720,10.1145/2445196.2445374,openalex,2019,p2_2013_2019
10.1080/00330124.2018.1518720,10.1007/s10956-015-9581-5,openalex,2019,p2_2013_2019
10.1080/17439884.2018.1563106,10.1177/2042753017731357,openalex,2019,p2_2013_2019
10.1080/17439884.2018.1563106,10.1016/j.chb.2014.09.012,openalex,2019,p2_2013_2019
10.1016/j.chb.2018.12.010,10.1016/j.chb.2016.08.047,openalex,2019,p2_2013_2019
10.1007/s10639-018-9849-5,10.3102/0013189x12463051,openalex,2019,p2_2013_2019
10.1007/s10639-018-9849-5,10.1016/j.chb.2017.01.005,openalex,2019,p2_2013_2019
10.1007/s10639-018-9849-5,10.1016/j.chb.2016.08.047,openalex,2019,p2_2013_2019
10.1007/s10639-018-9849-5,10.1007/s10956-015-9581-5,openalex,2019,p2_2013_2019
10.1016/j.ijcci.2018.10.004,10.1108/ijilt-09-2016-0048,openalex,2019,p2_2013_2019
10.1177/0735633117743918,10.1016/j.compedu.2013.10.020,openalex,2019,p2_2013_2019
10.1177/0735633117743918,10.3102/0013189x12463051,openalex,2019,p2_2013_2019
10.1177/0735633117743918,10.1016/j.compedu.2014.11.022,openalex,2019,p2_2013_2019
10.1145/3287324.3287476,10.3102/0013189x12463051,openalex,2019,p2_2013_2019
10.1145/3287324.3287476,10.1007/s10956-015-9581-5,openalex,2019,p2_2013_2019
10.1145/3287324.3287405,10.1145/3197091.3197104,openalex,2019,p2_2013_2019
10.1145/3287324.3287405,10.15388/informatica.2017.119,openalex,2019,p2_2013_2019
10.1145/3287324.3287405,10.1109/fie.2016.7757678,openalex,2019,p2_2013_2019
10.1145/3287324.3287405,10.3102/0013189x12463051,openalex,2019,p2_2013_2019
10.1145/3287324.3287405,10.1016/j.chb.2016.08.047,openalex,2019,p2_2013_2019
10.1145/3287324.3287405,10.1007/s10639-015-9412-6,openalex,2019,p2_2013_2019
10.1145/3287324.3287431,10.1145/3265757.3265778,openalex,2019,p2_2013_2019
10.1145/3287324.3287431,10.3102/0013189x12463051,openalex,2019,p2_2013_2019
10.1145/3287324.3287431,10.1016/j.compedu.2014.11.022,openalex,2019,p2_2013_2019
10.1145/3287324.3287431,10.1007/s10956-015-9581-5,openalex,2019,p2_2013_2019
10.1145/3287324.3287431,10.1007/s11528-016-0087-7,openalex,2019,p2_2013_2019
10.1145/3287324.3287431,10.1007/978-3-319-93566-9,openalex,2019,p2_2013_2019
10.1145/3287324.3287431,10.1007/978-3-319-93566-9_8,openalex,2019,p2_2013_2019
10.1145/3287324.3287452,10.1007/978-3-319-52691-1_5,openalex,2019,p2_2013_2019
10.1145/3287324.3287452,10.3102/0013189x12463051,openalex,2019,p2_2013_2019
10.1145/3287324.3287452,10.1007/s10956-015-9581-5,openalex,2019,p2_2013_2019
10.1145/3287324.3287456,10.1109/fie.2015.7344237,openalex,2019,p2_2013_2019
10.1145/3287324.3287456,10.1177/0735633116642774,openalex,2019,p2_2013_2019
10.1145/3287324.3287456,10.1145/3105726.3106194,openalex,2019,p2_2013_2019
10.1145/3287324.3287456,10.1145/2670757.2670767,openalex,2019,p2_2013_2019
10.1145/3287324.3287456,10.1145/3159450.3159586,openalex,2019,p2_2013_2019
10.1145/3287324.3287456,10.1177/0022487117732317,openalex,2019,p2_2013_2019
10.1145/3287324.3287456,10.1145/3027063.3053216,openalex,2019,p2_2013_2019
10.1145/3287324.3287346,10.1007/s11528-015-0840-3,openalex,2019,p2_2013_2019
10.1145/3287324.3287346,10.1145/2538862.2538940,openalex,2019,p2_2013_2019
10.1145/3287324.3287346,10.1109/te.2018.2804350,openalex,2019,p2_2013_2019
10.1145/3287324.3287396,10.1145/2538862.2538905,openalex,2019,p2_2013_2019
10.1145/3287324.3287396,10.3102/0013189x12463051,openalex,2019,p2_2013_2019
10.1145/3287324.3287396,10.1016/j.chb.2015.05.047,openalex,2019,p2_2013_2019
10.1145/3287324.3287396,10.1145/2676723.2677244,openalex,2019,p2_2013_2019
10.1145/3287324.3287396,10.1007/s10956-015-9581-5,openalex,2019,p2_2013_2019
10.1007/s10639-018-9801-8,10.1016/j.robot.2015.10.008,openalex,2019,p2_2013_2019
10.1007/s10639-018-9801-8,10.1016/j.compedu.2017.03.001,openalex,2019,p2_2013_2019
10.1007/s10639-018-9801-8,10.1007/s11528-015-0840-3,openalex,2019,p2_2013_2019
10.1007/s10639-018-9801-8,10.1016/j.chb.2017.01.005,openalex,2019,p2_2013_2019
10.1007/s10639-018-9801-8,10.1016/j.ijcci.2014.06.003,openalex,2019,p2_2013_2019
10.1080/10598650.2018.1558656,10.3102/0013189x12463051,openalex,2019,p2_2013_2019
10.1017/9781108654555.002,10.1016/j.chb.2016.08.047,openalex,2019,p2_2013_2019
10.1017/9781108654555.002,10.1145/2971329,openalex,2019,p2_2013_2019
10.1017/9781108654555.002,10.1145/2676723.2677244,openalex,2019,p2_2013_2019
10.1017/9781108654555.002,10.1145/3017680.3017779,openalex,2019,p2_2013_2019
10.1017/9781108654555.002,10.1145/2899415.2899465,openalex,2019,p2_2013_2019
10.1017/9781108654555.002,10.1145/3137065.3137069,openalex,2019,p2_2013_2019
10.1017/9781108654555.002,10.1145/3059009.3059017,openalex,2019,p2_2013_2019
10.1017/9781108654555.002,10.1080/08993408.2015.1033142,openalex,2019,p2_2013_2019
10.1017/9781108654555.002,10.3102/0013189x12463051,openalex,2019,p2_2013_2019
10.1017/9781108654555.002,10.1142/q0054,openalex,2019,p2_2013_2019
10.1017/9781108654555.002,10.1007/s10639-016-9482-0,openalex,2019,p2_2013_2019
10.1017/9781108654555.002,10.1007/s10956-015-9581-5,openalex,2019,p2_2013_2019
10.1017/9781108654555.002,10.1145/3104982,openalex,2019,p2_2013_2019
10.1017/9781108654555.002,10.1145/2858796.2858801,openalex,2019,p2_2013_2019
10.1017/9781108654555.002,10.1145/3059009.3059012,openalex,2019,p2_2013_2019
10.1017/9781108654555.002,10.1007/s10639-015-9412-6,openalex,2019,p2_2013_2019
10.1017/9781108654555.002,10.4324/9781315398945,openalex,2019,p2_2013_2019
10.1017/9781108654555.002,10.1145/2978249.2978272,openalex,2019,p2_2013_2019
10.1017/9781108654555.002,10.1016/j.chb.2017.01.005,openalex,2019,p2_2013_2019
10.1017/9781108654555.002,10.1145/2538862.2538905,openalex,2019,p2_2013_2019
10.1017/9781108654555.002,10.1145/2818314.2818328,openalex,2019,p2_2013_2019
10.1017/9781108654555.002,10.1109/educon.2017.7943078,openalex,2019,p2_2013_2019
10.1017/9781108654555.002,10.15388/informatica.2017.119,openalex,2019,p2_2013_2019
10.1017/9781108654555.002,10.1145/2839509.2844564,openalex,2019,p2_2013_2019
10.1017/9781108654555.002,10.1145/2591708.2591732,openalex,2019,p2_2013_2019
10.1017/9781108654555.002,10.28945/3768,openalex,2019,p2_2013_2019
10.2196/11940,10.1097/acm.0000000000002521,openalex,2019,p2_2013_2019
10.20897/ejsteme/5772,10.1016/j.procs.2017.08.018,openalex,2019,p2_2013_2019
10.20897/ejsteme/5772,10.1109/blocks.2015.7369019,openalex,2019,p2_2013_2019
10.20897/ejsteme/5772,10.1016/j.compedu.2013.10.020,openalex,2019,p2_2013_2019
10.20897/ejsteme/5772,10.1016/j.compedu.2017.03.001,openalex,2019,p2_2013_2019
10.20897/ejsteme/5772,10.1145/3144826.3145354,openalex,2019,p2_2013_2019
10.20897/ejsteme/5772,10.1145/3144826.3145351,openalex,2019,p2_2013_2019
10.20897/ejsteme/5772,10.3102/0013189x12463051,openalex,2019,p2_2013_2019
10.20897/ejsteme/5772,10.1016/j.chb.2014.09.012,openalex,2019,p2_2013_2019
10.20897/ejsteme/5772,10.1080/15391523.2016.1146563,openalex,2019,p2_2013_2019
10.20897/ejsteme/5772,10.1177/0735633117743918,openalex,2019,p2_2013_2019
10.20897/ejsteme/5772,10.1007/s10639-015-9412-6,openalex,2019,p2_2013_2019
10.20897/ejsteme/5772,10.1145/2445196.2445227,openalex,2019,p2_2013_2019
10.20897/ejsteme/5772,10.1007/s10956-015-9581-5,openalex,2019,p2_2013_2019
10.20897/ejsteme/5772,10.1007/978-3-319-52691-1_10,openalex,2019,p2_2013_2019
10.33965/celda2019_201911l023,10.1145/3137065.3137069,openalex,2019,p2_2013_2019
10.33965/celda2019_201911l023,10.3102/0034654317710096,openalex,2019,p2_2013_2019
10.33965/celda2019_201911l023,10.1007/978-981-13-6528-7_4,openalex,2019,p2_2013_2019
10.33965/celda2019_201911l023,10.1016/j.chb.2016.08.047,openalex,2019,p2_2013_2019
10.33965/celda2019_201911l023,10.1016/j.ijcci.2018.06.004,openalex,2019,p2_2013_2019
10.33965/celda2019_201911l023,10.1145/3290607.3312871,openalex,2019,p2_2013_2019
10.33965/celda2019_201911l023,10.1007/s10639-015-9412-6,openalex,2019,p2_2013_2019
10.33965/celda2019_201911l023,10.3102/0013189x12463051,openalex,2019,p2_2013_2019
10.33965/celda2019_201911l023,10.1016/j.edurev.2017.09.003,openalex,2019,p2_2013_2019
10.33965/celda2019_201911l023,10.1016/j.chb.2017.01.005,openalex,2019,p2_2013_2019
10.33965/celda2019_201911l023,10.1016/j.chb.2014.09.012,openalex,2019,p2_2013_2019
10.33965/celda2019_201911l013,10.1016/j.compedu.2013.10.020,openalex,2019,p2_2013_2019
10.33965/celda2019_201911l013,10.1007/s11528-018-0292-7,openalex,2019,p2_2013_2019
10.33965/celda2019_201911l013,10.3102/0013189x12463051,openalex,2019,p2_2013_2019
10.17275/per.19.10.6.2,10.1016/j.compedu.2013.10.020,openalex,2019,p2_2013_2019
10.17275/per.19.10.6.2,10.1016/j.compedu.2017.03.001,openalex,2019,p2_2013_2019
10.1007/978-3-030-33759-9_4,10.1016/j.robot.2015.10.008,openalex,2019,p2_2013_2019
10.1007/978-3-030-33759-9_4,10.1525/abt.2018.80.1.21,openalex,2019,p2_2013_2019
10.15388/infedu.2019.12,10.3102/0013189x12463051,openalex,2019,p2_2013_2019
10.15388/infedu.2019.19,10.1145/2670757.2670767,openalex,2019,p2_2013_2019
10.15388/infedu.2019.19,10.1145/2899415.2899465,openalex,2019,p2_2013_2019
10.15388/infedu.2019.19,10.1016/j.chb.2017.01.005,openalex,2019,p2_2013_2019
10.17275/per.19.8.6.2,10.1016/j.robot.2015.10.008,openalex,2019,p2_2013_2019
10.17275/per.19.8.6.2,10.1109/t4e.2016.016,openalex,2019,p2_2013_2019
10.17275/per.19.8.6.2,10.1016/j.compedu.2017.03.001,openalex,2019,p2_2013_2019
10.17275/per.19.8.6.2,10.1007/s10956-016-9628-2,openalex,2019,p2_2013_2019
10.1007/978-3-030-35343-8_41,10.1007/s10639-015-9412-6,openalex,2019,p2_2013_2019
10.1109/access.2019.2924343,10.1109/educon.2016.7474681,openalex,2019,p2_2013_2019
10.1109/access.2019.2924343,10.1145/3105910,openalex,2019,p2_2013_2019
10.1109/access.2019.2924343,10.1109/access.2018.2877417,openalex,2019,p2_2013_2019
10.1109/access.2019.2924343,10.1016/j.edurev.2017.09.003,openalex,2019,p2_2013_2019
10.1109/access.2019.2924343,10.1109/iwsc.2017.7880506,openalex,2019,p2_2013_2019
10.12700/aph.16.2.2019.2.3,10.15388/infedu.2015.11,openalex,2019,p2_2013_2019
10.12700/aph.16.2.2019.2.3,10.1109/coginfocom.2017.8268230,openalex,2019,p2_2013_2019
10.30935/cet.554493,10.1007/s10956-017-9709-x,openalex,2019,p2_2013_2019
10.30935/cet.554493,10.1016/j.compedu.2013.10.020,openalex,2019,p2_2013_2019
10.30935/cet.554493,10.3102/0013189x12463051,openalex,2019,p2_2013_2019
10.30935/cet.554493,10.1007/978-3-319-52691-1_19,openalex,2019,p2_2013_2019
10.30935/cet.554493,10.1145/2684721.2684736,openalex,2019,p2_2013_2019
10.30935/cet.554493,10.1016/j.chb.2014.09.012,openalex,2019,p2_2013_2019
10.30935/cet.554493,10.1177/0735633115612785,openalex,2019,p2_2013_2019
10.30935/cet.554493,10.1016/j.chb.2016.08.047,openalex,2019,p2_2013_2019
10.30935/cet.554493,10.1016/j.compedu.2016.03.003,openalex,2019,p2_2013_2019
10.30935/cet.554493,10.1016/j.compedu.2017.09.004,openalex,2019,p2_2013_2019
10.1007/978-3-030-21562-0_28,10.1016/j.edurev.2017.09.003,openalex,2019,p2_2013_2019
10.1007/978-3-030-21562-0_28,10.1007/s10956-015-9552-x,openalex,2019,p2_2013_2019
10.15388/infedu.2019.04,10.1109/fie.2015.7344237,openalex,2019,p2_2013_2019
10.15388/infedu.2019.04,10.1145/2700517,openalex,2019,p2_2013_2019
10.15388/infedu.2019.04,10.1016/j.chb.2014.09.012,openalex,2019,p2_2013_2019
10.15388/infedu.2019.02,10.1016/j.compedu.2017.03.001,openalex,2019,p2_2013_2019
10.15388/infedu.2019.02,10.1080/08993408.2015.1033142,openalex,2019,p2_2013_2019
10.15388/infedu.2019.02,10.1145/2591708.2591724,openalex,2019,p2_2013_2019
10.15388/infedu.2019.02,10.1016/j.chb.2014.09.012,openalex,2019,p2_2013_2019
10.15388/infedu.2019.02,10.1109/blocks.2015.7368995,openalex,2019,p2_2013_2019
10.15388/infedu.2019.02,10.1109/educon.2016.7474681,openalex,2019,p2_2013_2019
10.15388/infedu.2019.02,10.1109/vlhcc.2016.7739695,openalex,2019,p2_2013_2019
10.15388/infedu.2019.02,10.1016/j.edurev.2017.09.003,openalex,2019,p2_2013_2019
10.3916/c59-2019-06,10.1016/j.compedu.2013.10.020,openalex,2019,p2_2013_2019
10.3916/c59-2019-06,10.3102/0034654317710096,openalex,2019,p2_2013_2019
10.3916/c59-2019-06,10.1007/978-3-319-52691-1_12,openalex,2019,p2_2013_2019
10.3916/c59-2019-06,10.1145/3144826.3145450,openalex,2019,p2_2013_2019
10.3916/c59-2019-06,10.1016/j.compedu.2017.03.001,openalex,2019,p2_2013_2019
10.3916/c59-2019-06,10.1016/j.compedu.2017.09.004,openalex,2019,p2_2013_2019
10.3916/c59-2019-06,10.1007/978-3-319-52691-1_10,openalex,2019,p2_2013_2019
10.1007/978-3-030-11935-5_11,10.1016/j.robot.2015.10.008,openalex,2019,p2_2013_2019
10.1007/978-3-030-11548-7_9,10.1109/isecon.2015.7119929,openalex,2019,p2_2013_2019
10.1007/978-3-030-11548-7_9,10.1007/s10639-017-9611-4,openalex,2019,p2_2013_2019
10.1007/978-3-030-11548-7_9,10.3102/0013189x12463051,openalex,2019,p2_2013_2019
10.1007/978-981-13-6528-7_12,10.1007/s11257-017-9187-0,openalex,2019,p2_2013_2019
10.1007/978-981-13-6528-7_12,10.3102/0013189x12463051,openalex,2019,p2_2013_2019
10.1007/978-981-13-6528-7_12,10.1007/s10956-015-9581-5,openalex,2019,p2_2013_2019
10.1007/978-981-13-6528-7_12,10.4018/ijgbl.2016010101,openalex,2019,p2_2013_2019
10.1007/978-981-13-6528-7_4,10.1007/s10639-015-9412-6,openalex,2019,p2_2013_2019
10.1007/978-981-13-6528-7_8,10.1109/fie.2016.7757678,openalex,2019,p2_2013_2019
10.1007/978-981-13-6528-7_8,10.1145/2818314.2818328,openalex,2019,p2_2013_2019
10.1007/978-981-13-6528-7_8,10.1109/educon.2014.6826147,openalex,2019,p2_2013_2019
10.1007/978-981-13-6528-7_8,10.1145/2513456.2513484,openalex,2019,p2_2013_2019
10.1007/978-981-13-6528-7_8,10.3102/0013189x12463051,openalex,2019,p2_2013_2019
10.1007/978-981-13-6528-7_8,10.1080/08993408.2015.1033142,openalex,2019,p2_2013_2019
10.1007/978-981-13-6528-7_8,10.1016/j.chb.2014.09.012,openalex,2019,p2_2013_2019
10.1007/978-981-13-6528-7_8,10.1145/3017680.3017779,openalex,2019,p2_2013_2019
10.1007/978-981-13-6528-7_8,10.1016/j.chb.2016.08.047,openalex,2019,p2_2013_2019
10.1007/978-981-13-6528-7_8,10.1145/2462476.2462479,openalex,2019,p2_2013_2019
10.1007/978-981-13-6528-7_19,10.1080/08993408.2018.1533297,openalex,2019,p2_2013_2019
10.1007/978-981-13-6528-7_17,10.1177/0735633116642774,openalex,2019,p2_2013_2019
10.1007/978-981-13-6528-7_17,10.1016/j.compedu.2014.11.022,openalex,2019,p2_2013_2019
10.1007/978-981-13-6528-7_17,10.1016/j.compedu.2016.03.003,openalex,2019,p2_2013_2019
10.1007/978-981-13-6528-7_7,10.1007/s10956-015-9581-5,openalex,2019,p2_2013_2019
10.1007/978-981-13-6528-7_13,10.3102/0013189x12463051,openalex,2019,p2_2013_2019
10.1007/978-981-13-6528-7_13,10.1080/15391523.2016.1146563,openalex,2019,p2_2013_2019
10.1007/978-981-13-6528-7_14,10.4018/978-1-4666-1864-0.ch021,openalex,2019,p2_2013_2019
10.1007/978-981-13-6528-7_14,10.1016/j.ijcci.2014.06.003,openalex,2019,p2_2013_2019
10.1007/978-981-13-6528-7_14,10.1109/iwsc.2017.7880506,openalex,2019,p2_2013_2019
10.1007/978-981-13-6528-7_5,10.1142/q0054,openalex,2019,p2_2013_2019
10.1007/978-981-13-6528-7_5,10.1007/978-3-319-52691-1_17,openalex,2019,p2_2013_2019
10.1007/978-981-13-6528-7_5,10.3102/0013189x12463051,openalex,2019,p2_2013_2019
10.1007/978-981-13-6528-7_5,10.1016/j.chb.2017.01.005,openalex,2019,p2_2013_2019
10.1007/978-981-13-6528-7_5,10.1080/08993408.2017.1308651,openalex,2019,p2_2013_2019
10.1007/978-981-13-6528-7_5,10.1201/b16688,openalex,2019,p2_2013_2019
10.1007/978-981-13-6528-7_5,10.1016/j.chb.2016.08.047,openalex,2019,p2_2013_2019
10.1007/978-981-13-6528-7_5,10.1145/3012430.3012496,openalex,2019,p2_2013_2019
10.1007/978-981-13-6528-7_5,10.1007/s10639-015-9412-6,openalex,2019,p2_2013_2019
10.1007/978-981-13-6528-7_5,10.1007/978-3-319-52691-1_13,openalex,2019,p2_2013_2019
10.1007/978-981-13-6528-7_2,10.1142/q0054,openalex,2019,p2_2013_2019
10.1145/3291280.3291787,10.1145/3027063.3053216,openalex,2018,p2_2013_2019
10.1145/3291280.3291787,10.1016/j.ijcci.2017.11.003,openalex,2018,p2_2013_2019
10.1145/3291533.3291537,10.1016/j.compedu.2013.10.020,openalex,2018,p2_2013_2019
10.1145/3291533.3291537,10.1145/2445196.2445404,openalex,2018,p2_2013_2019
10.1007/s11528-018-0292-7,10.1016/j.compedu.2013.10.020,openalex,2018,p2_2013_2019
10.1007/s11528-018-0292-7,10.1111/jcal.12155,openalex,2018,p2_2013_2019
10.1007/s11528-018-0292-7,10.3102/0013189x12463051,openalex,2018,p2_2013_2019
10.1007/s11528-018-0292-7,10.1016/j.compedu.2014.11.022,openalex,2018,p2_2013_2019
10.1007/s11528-018-0292-7,10.1016/j.chb.2015.05.047,openalex,2018,p2_2013_2019
10.1007/s11528-018-0292-7,10.1016/j.compedu.2016.03.003,openalex,2018,p2_2013_2019
10.1016/j.ijcci.2018.06.004,10.1016/j.chb.2014.09.012,openalex,2018,p2_2013_2019
10.1016/j.ijcci.2018.06.004,10.3102/0013189x12463051,openalex,2018,p2_2013_2019
10.1016/j.ijcci.2018.06.004,10.1016/j.edurev.2017.09.003,openalex,2018,p2_2013_2019
10.1016/j.ijcci.2018.06.004,10.1016/j.chb.2016.08.047,openalex,2018,p2_2013_2019
10.1016/j.ijcci.2018.06.004,10.1145/3017680.3017779,openalex,2018,p2_2013_2019
10.1016/j.ijcci.2018.06.004,10.1145/3105910,openalex,2018,p2_2013_2019
10.1016/j.ijcci.2018.06.004,10.1016/j.chb.2017.01.005,openalex,2018,p2_2013_2019
10.1016/j.ijcci.2018.06.004,10.1145/3137065.3137069,openalex,2018,p2_2013_2019
10.1016/j.ijcci.2018.06.004,10.1145/3012430.3012496,openalex,2018,p2_2013_2019
10.1007/s10639-018-9729-z,10.1016/j.robot.2015.10.008,openalex,2018,p2_2013_2019
10.1007/s10639-018-9729-z,10.1007/s10956-015-9552-x,openalex,2018,p2_2013_2019
10.1007/s10639-018-9729-z,10.1016/j.compedu.2013.10.020,openalex,2018,p2_2013_2019
10.1007/s10639-018-9729-z,10.3102/0013189x12463051,openalex,2018,p2_2013_2019
10.1007/s10639-018-9729-z,10.1007/s10956-016-9628-2,openalex,2018,p2_2013_2019
10.1007/s10639-018-9729-z,10.1016/j.chb.2016.08.047,openalex,2018,p2_2013_2019
10.1007/s10639-018-9724-4,10.1080/10494820.2017.1337036,openalex,2018,p2_2013_2019
10.1007/s10639-018-9724-4,10.3102/0013189x12463051,openalex,2018,p2_2013_2019
10.1007/s10639-018-9724-4,10.1080/08993408.2015.1033142,openalex,2018,p2_2013_2019
10.1007/s10639-018-9724-4,10.1016/j.chb.2017.01.005,openalex,2018,p2_2013_2019
10.1007/s10639-018-9724-4,10.1080/08993408.2017.1308651,openalex,2018,p2_2013_2019
10.1007/s10639-018-9724-4,10.1016/j.chb.2014.09.012,openalex,2018,p2_2013_2019
10.1007/s10639-018-9724-4,10.1109/educon.2017.7942991,openalex,2018,p2_2013_2019
10.1007/s10639-018-9724-4,10.1016/j.chb.2016.08.047,openalex,2018,p2_2013_2019
10.1007/s10639-018-9724-4,10.1145/2445196.2445227,openalex,2018,p2_2013_2019
10.1007/s10639-018-9724-4,10.1145/3104982,openalex,2018,p2_2013_2019
10.1007/s11528-018-0290-9,10.1145/3105726.3106194,openalex,2018,p2_2013_2019
10.1007/s11528-018-0290-9,10.3102/0013189x12463051,openalex,2018,p2_2013_2019
10.1007/s11528-018-0290-9,10.1007/s10639-015-9412-6,openalex,2018,p2_2013_2019
10.1007/s11135-017-0509-4,10.1016/j.compedu.2013.10.020,openalex,2018,p2_2013_2019
10.1007/s11135-017-0509-4,10.1145/3012430.3012495,openalex,2018,p2_2013_2019
10.1145/3284179.3284191,10.4324/9781315398945,openalex,2018,p2_2013_2019
10.1145/3284179.3284191,10.1016/j.compedu.2013.10.020,openalex,2018,p2_2013_2019
10.1145/3284179.3284186,10.1145/3012430.3012495,openalex,2018,p2_2013_2019
10.1145/3284179.3284186,10.1007/s11135-017-0509-4,openalex,2018,p2_2013_2019
10.1145/3284179.3284186,10.1016/j.chb.2017.12.005,openalex,2018,p2_2013_2019
10.1145/3284179.3284186,10.1080/15391523.2016.1146563,openalex,2018,p2_2013_2019
10.1145/3284179.3284186,10.1016/j.compedu.2013.10.020,openalex,2018,p2_2013_2019
10.1145/3284179.3284186,10.1016/j.compedu.2017.03.001,openalex,2018,p2_2013_2019
10.1145/3265757.3265778,10.3102/0013189x12463051,openalex,2018,p2_2013_2019
10.1145/3265757.3265778,10.1145/2839509.2844564,openalex,2018,p2_2013_2019
10.1145/3265757.3265778,10.1145/2684721.2684736,openalex,2018,p2_2013_2019
10.1080/07380569.2018.1531613,10.1145/2676723.2677256,openalex,2018,p2_2013_2019
10.1080/07380569.2018.1531613,10.3102/0013189x12463051,openalex,2018,p2_2013_2019
10.1007/s11251-018-9453-5,10.1016/j.compedu.2013.10.020,openalex,2018,p2_2013_2019
10.1007/s11251-018-9453-5,10.1080/08993408.2015.1033142,openalex,2018,p2_2013_2019
10.1007/s11251-018-9453-5,10.1080/08993408.2017.1308651,openalex,2018,p2_2013_2019
10.1007/s11251-018-9453-5,10.1016/j.chb.2014.09.012,openalex,2018,p2_2013_2019
10.1111/jcal.12266,10.1145/2538862.2538905,openalex,2018,p2_2013_2019
10.1111/jcal.12266,10.15388/ioi.2016.09,openalex,2018,p2_2013_2019
10.1016/j.ijcci.2018.06.005,10.1016/j.robot.2015.10.008,openalex,2018,p2_2013_2019
10.1016/j.ijcci.2018.06.005,10.1016/j.compedu.2013.10.020,openalex,2018,p2_2013_2019
10.1016/j.ijcci.2018.06.005,10.1111/bjet.12355,openalex,2018,p2_2013_2019
10.1016/j.ijcci.2018.06.005,10.1007/s10639-015-9412-6,openalex,2018,p2_2013_2019
10.1016/j.ijcci.2018.06.005,10.1016/j.compedu.2016.03.003,openalex,2018,p2_2013_2019
10.1016/j.ijcci.2018.06.005,10.1007/978-3-319-52691-1_13,openalex,2018,p2_2013_2019
10.1016/j.ijcci.2018.06.005,10.1155/2014/428080,openalex,2018,p2_2013_2019
10.1177/0022487117732317,10.1007/s10956-015-9552-x,openalex,2018,p2_2013_2019
10.1177/0022487117732317,10.1111/jcal.12155,openalex,2018,p2_2013_2019
10.1177/0022487117732317,10.1007/s10956-016-9628-2,openalex,2018,p2_2013_2019
10.1177/0022487117732317,10.1145/2700517,openalex,2018,p2_2013_2019
10.1177/0022487117732317,10.1080/15391523.2016.1146563,openalex,2018,p2_2013_2019
10.1109/icalt.2018.00072,10.1016/j.chb.2014.09.012,openalex,2018,p2_2013_2019
10.1109/icalt.2018.00072,10.1109/fie.2015.7344063,openalex,2018,p2_2013_2019
10.1109/icalt.2018.00072,10.1080/13614568.2016.1152314,openalex,2018,p2_2013_2019
10.1109/icalt.2018.00072,10.1145/2808006.2808033,openalex,2018,p2_2013_2019
10.1109/icalt.2018.00072,10.1109/educon.2014.6826147,openalex,2018,p2_2013_2019
10.1109/icalt.2018.00072,10.1109/fie.2016.7757678,openalex,2018,p2_2013_2019
10.1109/icalt.2018.00072,10.1016/j.robot.2015.10.008,openalex,2018,p2_2013_2019
10.1109/icalt.2018.00072,10.1080/15391523.2016.1146563,openalex,2018,p2_2013_2019
10.1109/te.2018.2804350,10.1145/2538862.2538940,openalex,2018,p2_2013_2019
10.1109/te.2018.2804350,10.1109/fie.2013.6685067,openalex,2018,p2_2013_2019
10.1007/s10956-017-9725-x,10.1145/2968120.2987750,openalex,2018,p2_2013_2019
10.1007/s10956-017-9725-x,10.1145/2684721.2684736,openalex,2018,p2_2013_2019
10.1007/s10956-017-9725-x,10.1007/s10956-015-9581-5,openalex,2018,p2_2013_2019
10.1080/08993408.2018.1533297,10.1016/j.jmathb.2017.06.004,openalex,2018,p2_2013_2019
10.1080/08993408.2018.1533297,10.1145/2670757.2670767,openalex,2018,p2_2013_2019
10.1080/08993408.2018.1533297,10.1080/08993408.2015.1033142,openalex,2018,p2_2013_2019
10.1109/fie.2018.8659268,10.1016/j.chb.2014.09.012,openalex,2018,p2_2013_2019
10.1109/fie.2018.8659268,10.1007/s11528-015-0840-3,openalex,2018,p2_2013_2019
10.1109/fie.2018.8659268,10.3102/0013189x12463051,openalex,2018,p2_2013_2019
10.1109/tale.2018.8615232,10.1016/j.compedu.2017.03.001,openalex,2018,p2_2013_2019
10.1109/tale.2018.8615232,10.1007/s10639-015-9412-6,openalex,2018,p2_2013_2019
10.1109/tale.2018.8615232,10.3102/0034654317710096,openalex,2018,p2_2013_2019
10.1109/tale.2018.8615232,10.1016/j.compedu.2017.09.004,openalex,2018,p2_2013_2019
10.1109/tale.2018.8615232,10.1080/08993408.2015.1033142,openalex,2018,p2_2013_2019
10.1109/tale.2018.8615232,10.1016/j.chb.2014.09.012,openalex,2018,p2_2013_2019
10.1109/tale.2018.8615232,10.1177/0735633117743918,openalex,2018,p2_2013_2019
10.1109/tale.2018.8615334,10.1145/3144826.3145350,openalex,2018,p2_2013_2019
10.1109/tale.2018.8615334,10.1145/3012430.3012495,openalex,2018,p2_2013_2019
10.1109/tale.2018.8615334,10.1145/2818314.2818328,openalex,2018,p2_2013_2019
10.1007/s10639-017-9675-1,10.3102/0013189x12463051,openalex,2018,p2_2013_2019
10.1007/s10639-017-9675-1,10.1007/s10639-015-9412-6,openalex,2018,p2_2013_2019
10.1007/s10639-017-9675-1,10.1007/s10956-015-9581-5,openalex,2018,p2_2013_2019
10.1145/3202185.3210800,10.3102/0013189x12463051,openalex,2018,p2_2013_2019
10.1109/compsac.2018.00175,10.1109/compsac.2015.126,openalex,2018,p2_2013_2019
10.1016/j.ijcci.2017.11.003,10.3102/0013189x12463051,openalex,2018,p2_2013_2019
10.1016/j.ijcci.2017.11.003,10.1145/2684721.2684736,openalex,2018,p2_2013_2019
10.1016/j.ijcci.2017.11.003,10.1007/978-3-319-41713-4_49,openalex,2018,p2_2013_2019
10.1016/j.ijcci.2017.11.003,10.1007/s10639-015-9412-6,openalex,2018,p2_2013_2019
10.1109/educon.2018.8363469,10.1201/b16688,openalex,2018,p2_2013_2019
10.1109/educon.2018.8363456,10.1080/15391523.2016.1146563,openalex,2018,p2_2013_2019
10.1109/educon.2018.8363456,10.1016/j.robot.2015.10.008,openalex,2018,p2_2013_2019
10.1109/isecon.2018.8340502,10.1016/j.robot.2015.10.008,openalex,2018,p2_2013_2019
10.1109/isecon.2018.8340502,10.1016/j.compedu.2013.10.020,openalex,2018,p2_2013_2019
10.1080/07380569.2018.1462630,10.3102/0013189x12463051,openalex,2018,p2_2013_2019
10.1080/07380569.2018.1462630,10.1007/s10639-016-9482-0,openalex,2018,p2_2013_2019
10.30935/cet.414798,10.1007/s10956-015-9552-x,openalex,2018,p2_2013_2019
10.30935/cet.414798,10.1016/j.compedu.2013.10.020,openalex,2018,p2_2013_2019
10.30935/cet.414798,10.3102/0013189x12463051,openalex,2018,p2_2013_2019
10.30935/cet.414798,10.1080/08993408.2015.1033142,openalex,2018,p2_2013_2019
10.30935/cet.414798,10.1016/j.compedu.2014.11.022,openalex,2018,p2_2013_2019
10.30935/cet.414798,10.2190/ec.49.4.b,openalex,2018,p2_2013_2019
10.30935/cet.414798,10.1177/0735633115612785,openalex,2018,p2_2013_2019
10.30935/cet.414798,10.1145/2700517,openalex,2018,p2_2013_2019
10.30935/cet.414798,10.1201/b16688,openalex,2018,p2_2013_2019
10.30935/cet.414798,10.1016/j.compedu.2016.04.011,openalex,2018,p2_2013_2019
10.30935/cet.414798,10.1080/15391523.2016.1146563,openalex,2018,p2_2013_2019
10.30935/cet.414798,10.1007/s10639-015-9412-6,openalex,2018,p2_2013_2019
10.30935/cet.414798,10.1155/2014/428080,openalex,2018,p2_2013_2019
10.30935/cet.414798,10.4018/ijgbl.2016010101,openalex,2018,p2_2013_2019
10.30935/cet.414798,10.1007/s11423-013-9327-0,openalex,2018,p2_2013_2019
10.30935/cet.414798,10.1007/s11528-016-0087-7,openalex,2018,p2_2013_2019
10.1016/j.chb.2017.12.005,10.1016/j.compedu.2013.10.020,openalex,2018,p2_2013_2019
10.1016/j.chb.2017.12.005,10.1016/j.chb.2014.09.012,openalex,2018,p2_2013_2019
10.1016/j.chb.2017.12.005,10.1007/s11135-017-0509-4,openalex,2018,p2_2013_2019
10.1016/j.chb.2017.12.005,10.1016/j.chb.2016.08.047,openalex,2018,p2_2013_2019
10.1016/j.chb.2017.12.005,10.1007/s10956-015-9581-5,openalex,2018,p2_2013_2019
10.1016/j.chb.2017.12.005,10.1201/b16688,openalex,2018,p2_2013_2019
10.1016/j.chb.2017.12.005,10.1145/3144826.3145354,openalex,2018,p2_2013_2019
10.1016/j.chb.2017.12.005,10.1145/3012430.3012495,openalex,2018,p2_2013_2019
10.1016/j.chb.2017.12.005,10.1007/978-3-642-36617-8_4,openalex,2018,p2_2013_2019
10.1016/j.chb.2017.04.058,10.1080/08993408.2015.1033142,openalex,2018,p2_2013_2019
10.1016/j.chb.2017.04.058,10.1016/j.chb.2015.05.047,openalex,2018,p2_2013_2019
10.1016/j.chb.2017.04.058,10.1016/j.compedu.2016.03.003,openalex,2018,p2_2013_2019
10.1016/j.chb.2017.04.058,10.1109/siie.2016.7751816,openalex,2018,p2_2013_2019
10.1145/3159450.3159593,10.1109/fie.2015.7344237,openalex,2018,p2_2013_2019
10.1109/rita.2018.2809941,10.1109/vlhcc.2015.7357215,openalex,2018,p2_2013_2019
10.1109/rita.2018.2809941,10.1145/3012430.3012499,openalex,2018,p2_2013_2019
10.1109/rita.2018.2809941,10.1007/s11528-015-0840-3,openalex,2018,p2_2013_2019
10.1109/rita.2018.2809941,10.1145/2818314.2818315,openalex,2018,p2_2013_2019
10.1109/rita.2018.2809941,10.1016/j.chb.2016.08.047,openalex,2018,p2_2013_2019
10.16949/turkbilmat.399588,10.1016/j.chb.2014.09.012,openalex,2018,p2_2013_2019
10.1007/978-3-319-93566-9_12,10.1016/j.compedu.2013.10.020,openalex,2018,p2_2013_2019
10.1007/978-3-319-93566-9_12,10.3102/0013189x12463051,openalex,2018,p2_2013_2019
10.1007/978-3-319-93566-9_12,10.1016/j.compedu.2016.03.003,openalex,2018,p2_2013_2019
10.1007/978-3-319-93566-9_13,10.1007/s11257-017-9187-0,openalex,2018,p2_2013_2019
10.1007/978-3-319-93566-9_13,10.1016/j.chb.2014.09.012,openalex,2018,p2_2013_2019
10.1007/978-3-319-93566-9_13,10.1145/2700517,openalex,2018,p2_2013_2019
10.1007/978-3-319-93566-9_13,10.1145/2818314.2818315,openalex,2018,p2_2013_2019
10.1007/978-3-319-93566-9_13,10.1109/fie.2015.7344239,openalex,2018,p2_2013_2019
10.1007/978-3-319-93566-9_13,10.1007/s10956-015-9581-5,openalex,2018,p2_2013_2019
10.1007/978-3-319-93566-9_13,10.1007/s11423-013-9327-0,openalex,2018,p2_2013_2019
10.1007/978-3-319-93566-9_13,10.1145/2839509.2844624,openalex,2018,p2_2013_2019
10.1007/978-3-319-93566-9_2,10.1016/j.robot.2015.10.008,openalex,2018,p2_2013_2019
10.1007/978-3-319-93566-9_2,10.1109/siie.2016.7751816,openalex,2018,p2_2013_2019
10.1007/978-3-319-93566-9_2,10.1109/fie.2015.7344237,openalex,2018,p2_2013_2019
10.1007/978-3-319-93566-9_2,10.1016/j.compedu.2013.10.020,openalex,2018,p2_2013_2019
10.1007/978-3-319-93566-9_2,10.1109/icalt.2014.118,openalex,2018,p2_2013_2019
10.1007/978-3-319-93566-9_2,10.1109/siie.2016.7751839,openalex,2018,p2_2013_2019
10.1007/978-3-319-93566-9_2,10.1109/fie.2015.7344241,openalex,2018,p2_2013_2019
10.1007/978-3-319-93566-9_2,10.1109/latice.2015.44,openalex,2018,p2_2013_2019
10.1007/978-3-319-93566-9_2,10.1109/fie.2016.7757678,openalex,2018,p2_2013_2019
10.1007/978-3-319-93566-9_2,10.1109/fie.2015.7344238,openalex,2018,p2_2013_2019
10.1007/978-3-319-93566-9_2,10.1016/j.sbspro.2014.05.119,openalex,2018,p2_2013_2019
10.1007/978-3-319-93566-9_2,10.3102/0013189x12463051,openalex,2018,p2_2013_2019
10.1007/978-3-319-93566-9_2,10.1109/latice.2015.19,openalex,2018,p2_2013_2019
10.1007/978-3-319-93566-9_2,10.1016/j.compedu.2014.11.022,openalex,2018,p2_2013_2019
10.1007/978-3-319-93566-9_2,10.1016/j.ijcci.2014.06.003,openalex,2018,p2_2013_2019
10.1007/978-3-319-93566-9_2,10.1109/fie.2016.7757408,openalex,2018,p2_2013_2019
10.1007/978-3-319-93566-9_2,10.1016/j.chb.2014.09.012,openalex,2018,p2_2013_2019
10.1007/978-3-319-93566-9_2,10.1109/fie.2013.6685067,openalex,2018,p2_2013_2019
10.1007/978-3-319-93566-9_2,10.1109/educon.2016.7474681,openalex,2018,p2_2013_2019
10.1007/978-3-319-93566-9_2,10.1109/fie.2015.7344063,openalex,2018,p2_2013_2019
10.1007/978-3-319-93566-9_2,10.1109/fie.2015.7344115,openalex,2018,p2_2013_2019
10.1007/978-3-319-93566-9_2,10.1109/fie.2015.7344240,openalex,2018,p2_2013_2019
10.1007/978-3-319-93566-9_2,10.1201/b16688,openalex,2018,p2_2013_2019
10.1007/978-3-319-93566-9_2,10.1109/fie.2016.7757409,openalex,2018,p2_2013_2019
10.1007/978-3-319-93566-9_2,10.1016/j.chb.2016.08.047,openalex,2018,p2_2013_2019
10.1007/978-3-319-93566-9_2,10.1016/j.compedu.2016.03.003,openalex,2018,p2_2013_2019
10.1007/978-3-319-93566-9_2,10.1016/j.compedu.2016.04.011,openalex,2018,p2_2013_2019
10.1007/978-3-319-93566-9_2,10.1109/educon.2016.7474667,openalex,2018,p2_2013_2019
10.1007/978-3-319-93566-9_2,10.1109/fie.2015.7344239,openalex,2018,p2_2013_2019
10.1007/978-3-319-93566-9_2,10.1007/s10639-015-9412-6,openalex,2018,p2_2013_2019
10.1007/978-3-319-93566-9_2,10.1016/j.chb.2016.07.017,openalex,2018,p2_2013_2019
10.1007/978-3-319-93566-9_7,10.1016/j.compedu.2013.10.020,openalex,2018,p2_2013_2019
10.1007/978-3-319-93566-9_7,10.1007/s11528-016-0098-4,openalex,2018,p2_2013_2019
10.1007/978-3-319-93566-9_7,10.3102/0013189x12463051,openalex,2018,p2_2013_2019
10.1007/978-3-319-93566-9_7,10.1145/2839509.2844675,openalex,2018,p2_2013_2019
10.1007/978-3-319-93566-9_7,10.1016/j.chb.2014.09.012,openalex,2018,p2_2013_2019
10.1007/978-3-319-93566-9_7,10.1155/2014/428080,openalex,2018,p2_2013_2019
10.1007/978-3-319-93566-9_8,10.3102/0013189x12463051,openalex,2018,p2_2013_2019
10.1007/978-3-319-93566-9_8,10.1145/2684721.2684736,openalex,2018,p2_2013_2019
10.1007/978-3-319-93566-9_8,10.1145/2818314.2818315,openalex,2018,p2_2013_2019
10.1007/978-3-319-93566-9_8,10.1007/s10956-015-9581-5,openalex,2018,p2_2013_2019
10.1007/978-3-319-93566-9_8,10.1007/s11528-016-0087-7,openalex,2018,p2_2013_2019
10.1007/978-3-319-93566-9_11,10.1016/j.compedu.2013.10.020,openalex,2018,p2_2013_2019
10.15388/infedu.2018.09,10.1145/2818314.2818328,openalex,2018,p2_2013_2019
10.1007/978-3-030-02762-9_9,10.3390/educsci8010018,openalex,2018,p2_2013_2019
10.1007/978-3-319-93566-9_4,10.3102/0013189x12463051,openalex,2018,p2_2013_2019
10.1007/978-3-319-93566-9_4,10.1145/2445196.2445404,openalex,2018,p2_2013_2019
10.1109/access.2018.2877417,10.3102/0013189x12463051,openalex,2018,p2_2013_2019
10.1109/access.2018.2877417,10.1016/j.compedu.2013.10.020,openalex,2018,p2_2013_2019
10.1109/access.2018.2877417,10.1007/978-3-319-41769-1_9,openalex,2018,p2_2013_2019
10.1109/access.2018.2877417,10.1145/3137065.3137069,openalex,2018,p2_2013_2019
10.15388/infedu.2018.05,10.1145/2818314.2818328,openalex,2018,p2_2013_2019
10.15388/infedu.2018.05,10.3102/0013189x12463051,openalex,2018,p2_2013_2019
10.15388/infedu.2018.05,10.1145/2818314.2818315,openalex,2018,p2_2013_2019
10.15388/infedu.2018.05,10.1145/2787622.2787720,openalex,2018,p2_2013_2019
10.15388/infedu.2018.05,10.1016/j.ijcci.2014.06.003,openalex,2018,p2_2013_2019
10.1525/abt.2018.80.1.21,10.1007/s10956-015-9581-5,openalex,2018,p2_2013_2019
10.1016/j.compedu.2017.09.004,10.1016/j.robot.2015.10.008,openalex,2018,p2_2013_2019
10.1016/j.compedu.2017.09.004,10.3102/0013189x12463051,openalex,2018,p2_2013_2019
10.1016/j.compedu.2017.09.004,10.1016/j.chb.2015.05.047,openalex,2018,p2_2013_2019
10.1016/j.compedu.2017.09.004,10.1016/j.chb.2017.01.005,openalex,2018,p2_2013_2019
10.1016/j.compedu.2017.09.004,10.1016/j.ijcci.2014.06.003,openalex,2018,p2_2013_2019
10.1016/j.compedu.2017.09.004,10.1016/j.chb.2014.09.012,openalex,2018,p2_2013_2019
10.1016/j.compedu.2017.09.004,10.1177/0735633115612785,openalex,2018,p2_2013_2019
10.1016/j.compedu.2017.09.004,10.1016/j.chb.2016.08.047,openalex,2018,p2_2013_2019
10.1007/978-3-319-62875-2_9,10.1016/j.compedu.2013.10.020,openalex,2018,p2_2013_2019
10.1007/s10639-017-9611-4,10.1016/j.robot.2015.10.008,openalex,2018,p2_2013_2019
10.1007/s10639-017-9611-4,10.1016/j.chb.2014.09.012,openalex,2018,p2_2013_2019
10.1007/978-3-319-73417-0_12,10.1007/s11528-016-0098-4,openalex,2018,p2_2013_2019
10.1007/978-3-319-73417-0_12,10.1007/978-3-319-41713-4_49,openalex,2018,p2_2013_2019
10.1007/978-3-319-73417-0_12,10.3102/0013189x12463051,openalex,2018,p2_2013_2019
10.1007/978-3-319-73417-0_12,10.1016/j.compedu.2017.03.001,openalex,2018,p2_2013_2019
10.1007/978-3-319-73417-0_12,10.1016/j.compedu.2016.03.003,openalex,2018,p2_2013_2019
10.1007/978-3-319-73417-0_12,10.1007/s10956-015-9581-5,openalex,2018,p2_2013_2019
10.1007/978-3-319-73417-0_12,10.1016/j.chb.2016.08.047,openalex,2018,p2_2013_2019
10.1007/978-3-319-73417-0_12,10.1145/2462476.2462479,openalex,2018,p2_2013_2019
10.1007/978-3-319-73417-0_12,10.15388/infedu.2017.03,openalex,2018,p2_2013_2019
10.1007/978-3-319-73417-0_12,10.1016/j.chb.2017.01.005,openalex,2018,p2_2013_2019
10.1007/978-3-319-73417-0_12,10.1007/978-3-319-52691-1_17,openalex,2018,p2_2013_2019
10.1007/978-3-319-73417-0_12,10.1016/j.edurev.2017.09.003,openalex,2018,p2_2013_2019
10.1109/fie.2017.8190654,10.3102/0013189x12463051,openalex,2017,p2_2013_2019
10.1109/fie.2017.8190682,10.3102/0013189x12463051,openalex,2017,p2_2013_2019
10.1109/fie.2017.8190682,10.1016/j.chb.2016.08.047,openalex,2017,p2_2013_2019
10.1186/s41239-017-0080-z,10.1016/j.compedu.2017.03.001,openalex,2017,p2_2013_2019
10.1186/s41239-017-0080-z,10.1109/fie.2016.7757678,openalex,2017,p2_2013_2019
10.1186/s41239-017-0080-z,10.1145/2968120.2987750,openalex,2017,p2_2013_2019
10.1109/blocks.2017.8120416,10.1145/2509578.2509591,openalex,2017,p2_2013_2019
10.1145/3137065.3137069,10.1145/2670757.2670767,openalex,2017,p2_2013_2019
10.1145/3137065.3137069,10.3102/0013189x12463051,openalex,2017,p2_2013_2019
10.1145/3137065.3137069,10.1016/j.chb.2014.09.012,openalex,2017,p2_2013_2019
10.1145/3137065.3137069,10.1145/3017680.3017779,openalex,2017,p2_2013_2019
10.1145/3137065.3137069,10.1016/j.chb.2016.08.047,openalex,2017,p2_2013_2019
10.1145/3137065.3137069,10.1109/siie.2016.7751839,openalex,2017,p2_2013_2019
10.1016/j.edurev.2017.09.003,10.1177/1475725716659252,openalex,2017,p2_2013_2019
10.1016/j.edurev.2017.09.003,10.1016/j.robot.2015.10.008,openalex,2017,p2_2013_2019
10.1016/j.edurev.2017.09.003,10.1007/s11257-017-9187-0,openalex,2017,p2_2013_2019
10.1016/j.edurev.2017.09.003,10.1007/s10956-015-9552-x,openalex,2017,p2_2013_2019
10.1016/j.edurev.2017.09.003,10.1016/j.compedu.2013.10.020,openalex,2017,p2_2013_2019
10.1016/j.edurev.2017.09.003,10.1177/0735633116642774,openalex,2017,p2_2013_2019
10.1016/j.edurev.2017.09.003,10.1007/s11528-015-0840-3,openalex,2017,p2_2013_2019
10.1016/j.edurev.2017.09.003,10.3102/0013189x12463051,openalex,2017,p2_2013_2019
10.1016/j.edurev.2017.09.003,10.1080/08993408.2015.1033142,openalex,2017,p2_2013_2019
10.1016/j.edurev.2017.09.003,10.1016/j.compedu.2014.11.022,openalex,2017,p2_2013_2019
10.1016/j.edurev.2017.09.003,10.2190/ec.49.4.b,openalex,2017,p2_2013_2019
10.1016/j.edurev.2017.09.003,10.1016/j.chb.2017.01.005,openalex,2017,p2_2013_2019
10.1016/j.edurev.2017.09.003,10.1016/j.chb.2014.09.012,openalex,2017,p2_2013_2019
10.1016/j.edurev.2017.09.003,10.1145/2700517,openalex,2017,p2_2013_2019
10.1016/j.edurev.2017.09.003,10.1016/j.chb.2016.08.047,openalex,2017,p2_2013_2019
10.1016/j.edurev.2017.09.003,10.1007/s10956-015-9581-5,openalex,2017,p2_2013_2019
10.1145/3141798.3141808,10.1016/j.compedu.2013.10.020,openalex,2017,p2_2013_2019
10.1145/3141798.3141808,10.3102/0013189x12463051,openalex,2017,p2_2013_2019
10.1145/3141798.3141808,10.1007/s10956-015-9581-5,openalex,2017,p2_2013_2019
10.1145/3144826.3145353,10.1016/j.chb.2015.05.047,openalex,2017,p2_2013_2019
10.1145/3144826.3145353,10.1145/2684721.2684736,openalex,2017,p2_2013_2019
10.1145/3144826.3145353,10.1016/j.chb.2014.09.012,openalex,2017,p2_2013_2019
10.1145/3144826.3145351,10.1145/3012430.3012490,openalex,2017,p2_2013_2019
10.1145/3144826.3145349,10.1016/j.compedu.2013.10.020,openalex,2017,p2_2013_2019
10.1145/3144826.3145349,10.1007/s11135-017-0509-4,openalex,2017,p2_2013_2019
10.1145/3144826.3145349,10.1145/3012430.3012490,openalex,2017,p2_2013_2019
10.1145/3144826.3145349,10.1145/3144826.3145350,openalex,2017,p2_2013_2019
10.1145/3144826.3145349,10.1145/3144826.3145351,openalex,2017,p2_2013_2019
10.1145/3144826.3145349,10.1145/3144826.3145353,openalex,2017,p2_2013_2019
10.1145/3144826.3145349,10.1145/3144826.3145354,openalex,2017,p2_2013_2019
10.1145/3144826.3145349,10.1145/3144826.3145355,openalex,2017,p2_2013_2019
10.1145/3144826.3145355,10.1016/j.compedu.2013.10.020,openalex,2017,p2_2013_2019
10.1145/3144826.3145355,10.1145/2670757.2670767,openalex,2017,p2_2013_2019
10.1145/3144826.3145355,10.3102/0013189x12463051,openalex,2017,p2_2013_2019
10.1145/3144826.3145355,10.1007/s11135-017-0509-4,openalex,2017,p2_2013_2019
10.1145/3144826.3145450,10.1016/j.chb.2015.05.047,openalex,2017,p2_2013_2019
10.1145/3144826.3145450,10.1145/2684721.2684736,openalex,2017,p2_2013_2019
10.1145/3144826.3145450,10.1016/j.chb.2014.09.012,openalex,2017,p2_2013_2019
10.1145/3144826.3145354,10.1007/s11135-017-0509-4,openalex,2017,p2_2013_2019
10.1145/3144826.3145354,10.1016/j.chb.2014.09.012,openalex,2017,p2_2013_2019
10.1145/3144826.3145354,10.1145/2445196.2445374,openalex,2017,p2_2013_2019
10.1145/3104982,10.3102/0013189x12463051,openalex,2017,p2_2013_2019
10.1145/3104982,10.1145/2684721.2684736,openalex,2017,p2_2013_2019
10.1145/3104982,10.1016/j.chb.2014.09.012,openalex,2017,p2_2013_2019
10.1145/3104982,10.1007/s10956-015-9581-5,openalex,2017,p2_2013_2019
10.1007/s11251-017-9421-5,10.3102/0013189x12463051,openalex,2017,p2_2013_2019
10.1007/s10758-017-9328-x,10.1007/s10956-015-9552-x,openalex,2017,p2_2013_2019
10.1007/s10758-017-9328-x,10.3102/0013189x12463051,openalex,2017,p2_2013_2019
10.1007/s10758-017-9328-x,10.1016/j.chb.2014.09.012,openalex,2017,p2_2013_2019
10.1080/10494820.2016.1181093,10.3102/0013189x12463051,openalex,2017,p2_2013_2019
10.1145/3102071.3106352,10.3102/0013189x12463051,openalex,2017,p2_2013_2019
10.1145/3102071.3106352,10.1145/2968120.2987750,openalex,2017,p2_2013_2019
10.1145/3102071.3106352,10.1145/3027385.3029440,openalex,2017,p2_2013_2019
10.1145/3105910,10.1007/s11257-017-9187-0,openalex,2017,p2_2013_2019
10.1145/3105910,10.1007/978-3-319-52691-1_17,openalex,2017,p2_2013_2019
10.1145/3105910,10.3102/0013189x12463051,openalex,2017,p2_2013_2019
10.1145/3105910,10.1080/08993408.2015.1033142,openalex,2017,p2_2013_2019
10.1145/3105910,10.1145/2462476.2462479,openalex,2017,p2_2013_2019
10.1109/coginfocom.2017.8268230,10.1109/coginfocom.2017.8268230,openalex,2017,p2_2013_2019
10.1109/tale.2017.8252356,10.2190/ec.51.2.c,openalex,2017,p2_2013_2019
10.1109/tale.2017.8252356,10.1016/j.chb.2016.08.047,openalex,2017,p2_2013_2019
10.1109/tale.2017.8252356,10.3102/0013189x12463051,openalex,2017,p2_2013_2019
10.1109/tale.2017.8252356,10.1007/s10956-015-9581-5,openalex,2017,p2_2013_2019
10.1109/tale.2017.8252356,10.1109/educon.2015.7096089,openalex,2017,p2_2013_2019
10.1016/j.chb.2017.01.005,10.3102/0013189x12463051,openalex,2017,p2_2013_2019
10.1016/j.chb.2017.01.005,10.1007/s10639-015-9412-6,openalex,2017,p2_2013_2019
10.1016/j.chb.2017.01.005,10.1007/978-3-642-36617-8_4,openalex,2017,p2_2013_2019
10.1016/j.chb.2017.01.005,10.1201/b16688,openalex,2017,p2_2013_2019
10.1016/j.chb.2016.08.047,10.3102/0013189x12463051,openalex,2017,p2_2013_2019
10.1016/j.chb.2016.08.047,10.1016/j.chb.2015.05.047,openalex,2017,p2_2013_2019
10.1016/j.chb.2016.08.047,10.1016/j.chb.2014.09.012,openalex,2017,p2_2013_2019
10.1016/j.chb.2016.08.047,10.1109/educon.2016.7474681,openalex,2017,p2_2013_2019
10.1016/j.chb.2016.08.047,10.1007/s10956-015-9581-5,openalex,2017,p2_2013_2019
10.1016/j.chb.2016.08.047,10.1109/latice.2015.19,openalex,2017,p2_2013_2019
10.1145/3059009.3059017,10.1145/2676723.2677269,openalex,2017,p2_2013_2019
10.1145/3059009.3059017,10.1145/2591708.2591724,openalex,2017,p2_2013_2019
10.1145/3059009.3059017,10.1145/2700517,openalex,2017,p2_2013_2019
10.1145/3078072.3084331,10.3102/0013189x12463051,openalex,2017,p2_2013_2019
10.1145/3078072.3079740,10.3102/0013189x12463051,openalex,2017,p2_2013_2019
10.1145/3078072.3079740,10.1016/j.compedu.2016.03.003,openalex,2017,p2_2013_2019
10.1145/3078072.3084313,10.1007/s10956-015-9581-5,openalex,2017,p2_2013_2019
10.1109/educon.2017.7942991,10.1016/j.ijcci.2014.06.003,openalex,2017,p2_2013_2019
10.1109/educon.2017.7942991,10.1016/j.chb.2014.09.012,openalex,2017,p2_2013_2019
10.1109/educon.2017.7942991,10.1080/08993408.2015.1033142,openalex,2017,p2_2013_2019
10.1109/educon.2017.7942991,10.3102/0013189x12463051,openalex,2017,p2_2013_2019
10.1109/educon.2017.7942991,10.1145/2700517,openalex,2017,p2_2013_2019
10.1109/educon.2017.7943078,10.3102/0013189x12463051,openalex,2017,p2_2013_2019
10.1016/j.compedu.2017.03.001,10.1016/j.compedu.2013.10.020,openalex,2017,p2_2013_2019
10.1016/j.compedu.2017.03.001,10.3102/0013189x12463051,openalex,2017,p2_2013_2019
10.1016/j.compedu.2017.03.001,10.1145/2818314.2818328,openalex,2017,p2_2013_2019
10.1145/3027063.3053216,10.1145/2968120.2987750,openalex,2017,p2_2013_2019
10.1145/3027063.3053216,10.1109/educon.2016.7474681,openalex,2017,p2_2013_2019
10.1007/s10956-016-9663-z,10.3102/0013189x12463051,openalex,2017,p2_2013_2019
10.1007/s10956-016-9663-z,10.1080/15391523.2016.1146563,openalex,2017,p2_2013_2019
10.1007/s10956-016-9663-z,10.1007/s10956-015-9581-5,openalex,2017,p2_2013_2019
10.1145/3017680.3017779,10.1145/2591708.2591724,openalex,2017,p2_2013_2019
10.1145/3017680.3017779,10.1145/2684721.2684736,openalex,2017,p2_2013_2019
10.1145/3017680.3017779,10.1145/2899415.2899465,openalex,2017,p2_2013_2019
10.1007/s11257-017-9187-0,10.3102/0013189x12463051,openalex,2017,p2_2013_2019
10.1007/s11277-016-3679-9,10.1016/j.chb.2014.09.012,openalex,2017,p2_2013_2019
10.1007/s11277-016-3679-9,10.1016/j.compedu.2013.10.020,openalex,2017,p2_2013_2019
10.1007/s10639-016-9482-0,10.1145/2445196.2445404,openalex,2017,p2_2013_2019
10.1007/s10639-016-9482-0,10.1145/2445196.2445227,openalex,2017,p2_2013_2019
10.1007/s10639-016-9482-0,10.1145/2538862.2538956,openalex,2017,p2_2013_2019
10.1109/tale.2016.7851769,10.1007/s10639-015-9412-6,openalex,2017,p2_2013_2019
10.1080/08993408.2017.1308651,10.3102/0013189x12463051,openalex,2017,p2_2013_2019
10.1080/08993408.2017.1308651,10.1016/j.chb.2014.09.012,openalex,2017,p2_2013_2019
10.1080/13614568.2016.1152314,10.1080/08993408.2014.963360,openalex,2017,p2_2013_2019
10.1080/13614568.2016.1152314,10.1177/0735633115612785,openalex,2017,p2_2013_2019
10.1080/13614568.2016.1152314,10.1016/j.chb.2014.09.012,openalex,2017,p2_2013_2019
10.1080/13614568.2016.1152314,10.1145/2700517,openalex,2017,p2_2013_2019
10.1007/978-3-319-71483-7_9,10.1145/3105726.3106194,openalex,2017,p2_2013_2019
10.1007/978-3-319-71483-7_9,10.1007/978-3-319-46747-4_3,openalex,2017,p2_2013_2019
10.1007/978-3-319-71483-7_9,10.15388/informatica.2017.119,openalex,2017,p2_2013_2019
10.1007/978-3-319-71483-7_15,10.1007/978-3-319-46747-4_3,openalex,2017,p2_2013_2019
10.1007/978-3-319-71483-7_15,10.3102/0013189x12463051,openalex,2017,p2_2013_2019
10.1007/978-3-319-71483-7_15,10.1145/2787622.2787720,openalex,2017,p2_2013_2019
10.1007/978-3-319-71483-7_15,10.1007/s10639-015-9412-6,openalex,2017,p2_2013_2019
10.1007/978-3-319-71483-7_15,10.1007/s11528-016-0087-7,openalex,2017,p2_2013_2019
10.1007/978-3-319-71483-7_1,10.1007/978-3-319-46747-4_13,openalex,2017,p2_2013_2019
10.1016/j.procs.2017.08.018,10.1016/j.chb.2015.05.047,openalex,2017,p2_2013_2019
10.1016/j.procs.2017.08.018,10.5220/0006313001170124,openalex,2017,p2_2013_2019
10.1109/mcse.2017.3151241,10.3102/0013189x12463051,openalex,2017,p2_2013_2019
10.28945/3768,10.3102/0013189x12463051,openalex,2017,p2_2013_2019
10.1080/11356405.2017.1305075,10.1016/j.compedu.2014.11.022,openalex,2017,p2_2013_2019
10.1080/11356405.2017.1305075,10.1016/j.compedu.2016.03.003,openalex,2017,p2_2013_2019
10.15388/infedu.2017.03,10.1007/978-3-319-46747-4_3,openalex,2017,p2_2013_2019
10.15388/infedu.2017.03,10.1145/2818314.2818328,openalex,2017,p2_2013_2019
10.15388/infedu.2017.03,10.1109/latice.2015.19,openalex,2017,p2_2013_2019
10.15388/informatica.2017.119,10.1007/978-3-319-46747-4_3,openalex,2017,p2_2013_2019
10.15388/informatica.2017.119,10.1145/2445196.2445404,openalex,2017,p2_2013_2019
10.1007/978-3-319-55553-9_5,10.1016/j.robot.2015.10.008,openalex,2017,p2_2013_2019
10.1007/978-3-319-55553-9_5,10.3102/0013189x12463051,openalex,2017,p2_2013_2019
10.1007/978-3-319-55553-9_5,10.1145/2445196.2445374,openalex,2017,p2_2013_2019
10.1007/978-3-319-52836-6_19,10.1145/2808006.2808033,openalex,2017,p2_2013_2019
10.1007/978-3-319-52836-6_19,10.3102/0013189x12463051,openalex,2017,p2_2013_2019
10.1111/bjet.12355,10.3102/0013189x12463051,openalex,2017,p2_2013_2019
10.1007/978-3-319-41713-4_49,10.3102/0013189x12463051,openalex,2017,p2_2013_2019
10.1007/978-3-319-41713-4_49,10.1007/s11528-016-0087-7,openalex,2017,p2_2013_2019
10.1186/s40594-016-0052-1,10.3102/0013189x12463051,openalex,2016,p2_2013_2019
10.1177/0735633116642774,10.1080/08993408.2016.1160664,openalex,2016,p2_2013_2019
10.1177/0735633116642774,10.1016/j.chb.2014.09.012,openalex,2016,p2_2013_2019
10.1111/jcal.12155,10.1016/j.chb.2014.09.012,openalex,2016,p2_2013_2019
10.1109/fie.2016.7757408,10.1109/vlhcc.2015.7357215,openalex,2016,p2_2013_2019
10.1109/fie.2016.7757408,10.1109/fie.2015.7344239,openalex,2016,p2_2013_2019
10.1109/fie.2016.7757408,10.1109/blocks.2015.7369019,openalex,2016,p2_2013_2019
10.1109/fie.2016.7757409,10.1145/2538862.2538956,openalex,2016,p2_2013_2019
10.1109/fie.2016.7757409,10.1016/j.chb.2014.09.012,openalex,2016,p2_2013_2019
10.1109/fie.2016.7757409,10.1016/j.compedu.2014.11.022,openalex,2016,p2_2013_2019
10.1109/fie.2016.7757409,10.3102/0013189x12463051,openalex,2016,p2_2013_2019
10.1109/fie.2016.7757409,10.1145/2591708.2591724,openalex,2016,p2_2013_2019
10.1109/fie.2016.7757678,10.1145/2858796.2858801,openalex,2016,p2_2013_2019
10.1109/fie.2016.7757678,10.1016/j.chb.2014.09.012,openalex,2016,p2_2013_2019
10.1109/fie.2016.7757678,10.15388/infedu.2015.11,openalex,2016,p2_2013_2019
10.1109/fie.2016.7757678,10.3102/0013189x12463051,openalex,2016,p2_2013_2019
10.1109/fie.2016.7757678,10.1109/latice.2015.19,openalex,2016,p2_2013_2019
10.1109/fie.2016.7757678,10.1007/s10639-015-9412-6,openalex,2016,p2_2013_2019
10.1109/fie.2016.7757678,10.1109/educon.2014.6826147,openalex,2016,p2_2013_2019
10.1109/fie.2016.7757678,10.1145/2839509.2844636,openalex,2016,p2_2013_2019
10.1109/fie.2016.7757678,10.1145/2676723.2677244,openalex,2016,p2_2013_2019
10.1109/fie.2016.7757678,10.1145/2462476.2462479,openalex,2016,p2_2013_2019
10.1109/fie.2016.7757678,10.1145/2818314.2818328,openalex,2016,p2_2013_2019
10.1109/fie.2016.7757678,10.1145/2513456.2513484,openalex,2016,p2_2013_2019
10.1109/siie.2016.7751816,10.1016/j.compedu.2016.03.003,openalex,2016,p2_2013_2019
10.1145/3012430.3012496,10.3102/0013189x12463051,openalex,2016,p2_2013_2019
10.1145/3012430.3012496,10.1016/j.chb.2014.09.012,openalex,2016,p2_2013_2019
10.1145/3012430.3012496,10.1016/j.chb.2016.08.047,openalex,2016,p2_2013_2019
10.1145/3012430.3012490,10.1016/j.compedu.2013.10.020,openalex,2016,p2_2013_2019
10.1145/3012430.3012490,10.1145/3012430.3012495,openalex,2016,p2_2013_2019
10.1145/3012430.3012490,10.1145/3012430.3012493,openalex,2016,p2_2013_2019
10.1145/3012430.3012490,10.1145/3012430.3012499,openalex,2016,p2_2013_2019
10.1145/3012430.3012490,10.1145/3012430.3012496,openalex,2016,p2_2013_2019
10.1145/3012430.3012495,10.1016/j.compedu.2013.10.020,openalex,2016,p2_2013_2019
10.1145/3012430.3012499,10.1145/2818314.2818315,openalex,2016,p2_2013_2019
10.1177/1475725716659252,10.1016/j.chb.2014.09.012,openalex,2016,p2_2013_2019
10.1177/1475725716659252,10.1201/b16688,openalex,2016,p2_2013_2019
10.1016/j.chb.2016.07.017,10.3102/0013189x12463051,openalex,2016,p2_2013_2019
10.1016/j.chb.2016.07.017,10.1016/j.chb.2014.09.012,openalex,2016,p2_2013_2019
10.1007/s11528-016-0087-7,10.1007/978-3-319-24258-3_2,openalex,2016,p2_2013_2019
10.1145/2967934.2968109,10.1145/2839509.2844656,openalex,2016,p2_2013_2019
10.1145/2968120.2987750,10.1109/educon.2016.7474681,openalex,2016,p2_2013_2019
10.1145/2978249.2978272,10.1145/2670757.2670767,openalex,2016,p2_2013_2019
10.1145/2978249.2978272,10.3102/0013189x12463051,openalex,2016,p2_2013_2019
10.1145/2978249.2978265,10.1145/2676723.2677256,openalex,2016,p2_2013_2019
10.1145/2978249.2978265,10.1007/s10639-016-9482-0,openalex,2016,p2_2013_2019
10.1145/2998626.2998665,10.1016/j.chb.2014.09.012,openalex,2016,p2_2013_2019
10.1145/2998626.2998665,10.1016/j.compedu.2014.11.022,openalex,2016,p2_2013_2019
10.1007/s11528-016-0098-4,10.3102/0013189x12463051,openalex,2016,p2_2013_2019
10.1016/j.compedu.2016.04.011,10.3102/0013189x12463051,openalex,2016,p2_2013_2019
10.1016/j.compedu.2016.04.011,10.1016/j.compedu.2014.11.022,openalex,2016,p2_2013_2019
10.1016/j.compedu.2016.04.011,10.1145/2684721.2684736,openalex,2016,p2_2013_2019
10.1145/2983468.2983517,10.1109/latice.2015.19,openalex,2016,p2_2013_2019
10.1016/j.compedu.2016.03.003,10.3102/0013189x12463051,openalex,2016,p2_2013_2019
10.1016/j.compedu.2016.03.003,10.1016/j.compedu.2014.11.022,openalex,2016,p2_2013_2019
10.1016/j.compedu.2016.03.003,10.1007/s10956-015-9581-5,openalex,2016,p2_2013_2019
10.1109/educon.2016.7474681,10.3102/0013189x12463051,openalex,2016,p2_2013_2019
10.1109/educon.2016.7474681,10.1016/j.chb.2014.09.012,openalex,2016,p2_2013_2019
10.1109/educon.2016.7474681,10.1109/educon.2015.7096089,openalex,2016,p2_2013_2019
10.1177/0735633115612785,10.2190/ec.51.2.c,openalex,2016,p2_2013_2019
10.1177/0735633115612785,10.3102/0013189x12463051,openalex,2016,p2_2013_2019
10.1177/0735633115612785,10.1080/08993408.2014.963360,openalex,2016,p2_2013_2019
10.1177/0735633115612785,10.1016/j.chb.2015.05.047,openalex,2016,p2_2013_2019
10.1177/0735633115612785,10.1016/j.chb.2014.09.012,openalex,2016,p2_2013_2019
10.1177/0735633115612785,10.1007/s10639-015-9412-6,openalex,2016,p2_2013_2019
10.1145/2839509.2844564,10.3102/0013189x12463051,openalex,2016,p2_2013_2019
10.1145/2839509.2844564,10.1080/08993408.2015.1033142,openalex,2016,p2_2013_2019
10.1145/2839509.2844564,10.1145/2462476.2462479,openalex,2016,p2_2013_2019
10.1007/s10956-015-9581-5,10.3102/0013189x12463051,openalex,2016,p2_2013_2019
10.1007/s10956-015-9581-5,10.1007/s11423-013-9327-0,openalex,2016,p2_2013_2019
10.1080/08993408.2016.1160664,10.1016/j.chb.2014.09.012,openalex,2016,p2_2013_2019
10.1007/978-3-319-30295-9_14,10.3102/0013189x12463051,openalex,2016,p2_2013_2019
10.1002/pra2.2016.14505301092,10.2991/ict4s-14.2014.28,openalex,2016,p2_2013_2019
10.1007/978-3-319-46747-4_3,10.1145/2445196.2445404,openalex,2016,p2_2013_2019
10.1007/978-3-319-46747-4_3,10.1007/978-3-319-25396-1_13,openalex,2016,p2_2013_2019
10.1007/978-3-319-41769-1_9,10.1016/j.compedu.2014.11.022,openalex,2016,p2_2013_2019
10.2197/ipsjjip.24.732,10.15388/infedu.2015.11,openalex,2016,p2_2013_2019
10.2197/ipsjjip.24.732,10.1007/978-3-642-36617-8_4,openalex,2016,p2_2013_2019
10.2197/ipsjjip.24.732,10.1007/978-3-319-25396-1_13,openalex,2016,p2_2013_2019
10.4018/ijgbl.2016010101,10.1016/j.ijcci.2014.06.003,openalex,2016,p2_2013_2019
10.4018/ijgbl.2016010101,10.3102/0013189x12463051,openalex,2016,p2_2013_2019
10.1016/j.robot.2015.10.008,10.3102/0013189x12463051,openalex,2016,p2_2013_2019
10.1016/j.robot.2015.10.008,10.1016/j.compedu.2013.10.020,openalex,2016,p2_2013_2019
10.1016/j.robot.2015.10.008,10.1145/2445196.2445374,openalex,2016,p2_2013_2019
10.1109/blocks.2015.7369019,10.3102/0013189x12463051,openalex,2015,p2_2013_2019
10.1109/blocks.2015.7369019,10.1016/j.chb.2014.09.012,openalex,2015,p2_2013_2019
10.1109/blocks.2015.7368995,10.1016/j.chb.2015.05.047,openalex,2015,p2_2013_2019
10.1109/blocks.2015.7368995,10.1109/educon.2014.6826147,openalex,2015,p2_2013_2019
10.1109/blocks.2015.7368995,10.1016/j.chb.2014.09.012,openalex,2015,p2_2013_2019
10.1109/blocks.2015.7368995,10.3102/0013189x12463051,openalex,2015,p2_2013_2019
10.1109/vlhcc.2015.7357215,10.1145/2676723.2677269,openalex,2015,p2_2013_2019
10.1007/s10639-015-9412-6,10.1016/j.compedu.2013.10.020,openalex,2015,p2_2013_2019
10.1007/s10639-015-9412-6,10.3102/0013189x12463051,openalex,2015,p2_2013_2019
10.1145/2818314.2818328,10.1145/2684721.2684736,openalex,2015,p2_2013_2019
10.1145/2808006.2808033,10.3102/0013189x12463051,openalex,2015,p2_2013_2019
10.1145/2787622.2787720,10.3102/0013189x12463051,openalex,2015,p2_2013_2019
10.1145/2787622.2787720,10.1145/2591708.2591724,openalex,2015,p2_2013_2019
10.1145/2858796.2858801,10.1109/educon.2014.6826147,openalex,2015,p2_2013_2019
10.1145/2858796.2858801,10.3102/0013189x12463051,openalex,2015,p2_2013_2019
10.1145/2858796.2858801,10.1080/08993408.2015.1033142,openalex,2015,p2_2013_2019
10.1145/2858796.2858801,10.1145/2700517,openalex,2015,p2_2013_2019
10.1109/secon.2015.7133047,10.3102/0013189x12463051,openalex,2015,p2_2013_2019
10.1109/latice.2015.19,10.3102/0013189x12463051,openalex,2015,p2_2013_2019
10.1109/educon.2015.7096089,10.3102/0013189x12463051,openalex,2015,p2_2013_2019
10.1080/08993408.2015.1033142,10.3102/0013189x12463051,openalex,2015,p2_2013_2019
10.1080/08993408.2015.1033142,10.1145/2462476.2462479,openalex,2015,p2_2013_2019
10.1080/08993408.2015.1033142,10.1145/2445196.2445374,openalex,2015,p2_2013_2019
10.1145/2676723.2677244,10.1145/2538862.2538905,openalex,2015,p2_2013_2019
10.1007/978-3-319-25396-1_13,10.1007/978-3-642-36617-8_4,openalex,2015,p2_2013_2019
10.1007/978-3-319-24258-3_2,10.1109/educon.2014.6826147,openalex,2015,p2_2013_2019
10.1007/978-3-319-24258-3_2,10.1016/j.chb.2014.09.012,openalex,2015,p2_2013_2019
10.1016/j.compedu.2014.11.022,10.3102/0013189x12463051,openalex,2015,p2_2013_2019
10.1145/2674683.2674704,10.1145/2532748.2532768,openalex,2014,p2_2013_2019
10.1371/journal.pcbi.1003896,10.1093/bib/bbt005,openalex,2014,p2_2013_2019
10.1145/2645791.2645835,10.1145/2445196.2445404,openalex,2014,p2_2013_2019
10.1109/icalt.2014.118,10.3102/0013189x12463051,openalex,2014,p2_2013_2019
10.1007/s11423-013-9327-0,10.3102/0013189x12463051,openalex,2014,p2_2013_2019
10.1016/j.chb.2014.09.012,10.3102/0013189x12463051,openalex,2014,p2_2013_2019
10.1145/2538862.2538940,10.1109/fie.2013.6685067,openalex,2014,p2_2013_2019
10.1145/2513456.2513484,10.1145/2462476.2483797,openalex,2013,p2_2013_2019
10.1145/2445196.2445404,10.3102/0013189x12463051,openalex,2013,p2_2013_2019
10.1007/978-3-319-52691-1_5,10.3102/0013189x12463051,openalex,2017,p2_2013_2019
10.1007/978-3-319-52691-1_5,10.1007/s10956-015-9581-5,openalex,2017,p2_2013_2019
10.1007/978-3-319-52691-1_14,10.1016/j.robot.2015.10.008,openalex,2017,p2_2013_2019
10.1007/978-3-319-52691-1_14,10.1016/j.compedu.2013.10.020,openalex,2017,p2_2013_2019
10.1007/978-3-319-52691-1_14,10.3102/0013189x12463051,openalex,2017,p2_2013_2019
10.1007/978-3-319-52691-1_14,10.1016/j.chb.2014.09.012,openalex,2017,p2_2013_2019
10.1007/978-3-319-52691-1_14,10.1007/978-3-319-30295-9_14,openalex,2017,p2_2013_2019
10.1007/978-3-319-52691-1_14,10.1007/s10639-015-9412-6,openalex,2017,p2_2013_2019
10.1007/978-3-319-52691-1_14,10.1007/s10956-015-9581-5,openalex,2017,p2_2013_2019
10.1007/978-3-319-52691-1_12,10.1016/j.robot.2015.10.008,openalex,2017,p2_2013_2019
10.1007/978-3-319-52691-1_12,10.1016/j.compedu.2013.10.020,openalex,2017,p2_2013_2019
10.1007/978-3-319-52691-1_12,10.3102/0013189x12463051,openalex,2017,p2_2013_2019
10.1007/978-3-319-52691-1_12,10.1145/2787622.2787720,openalex,2017,p2_2013_2019
10.1007/978-3-319-52691-1_12,10.1145/2700517,openalex,2017,p2_2013_2019
10.1007/978-3-319-52691-1_13,10.1007/978-3-319-24258-3_2,openalex,2017,p2_2013_2019
10.1007/978-3-319-52691-1_13,10.1119/perc.2013.pr.021,openalex,2017,p2_2013_2019
10.1007/978-3-319-52691-1_13,10.1007/s11528-016-0098-4,openalex,2017,p2_2013_2019
10.1007/978-3-319-52691-1_13,10.3102/0013189x12463051,openalex,2017,p2_2013_2019
10.1007/978-3-319-52691-1_13,10.1145/2684721.2684736,openalex,2017,p2_2013_2019
10.1007/978-3-319-52691-1_13,10.1016/j.chb.2014.09.012,openalex,2017,p2_2013_2019
10.1007/978-3-319-52691-1_13,10.1145/2787622.2787720,openalex,2017,p2_2013_2019
10.1007/978-3-319-52691-1_13,10.1145/2818314.2818315,openalex,2017,p2_2013_2019
10.1007/978-3-319-52691-1_13,10.1007/s11528-016-0087-7,openalex,2017,p2_2013_2019
10.1007/978-3-319-52691-1_17,10.3102/0013189x12463051,openalex,2017,p2_2013_2019
10.1007/978-3-319-52691-1_17,10.1145/3027385.3029440,openalex,2017,p2_2013_2019
10.1007/978-3-319-52691-1_17,10.1080/08993408.2015.1033142,openalex,2017,p2_2013_2019
10.1007/978-3-319-52691-1_17,10.1145/2839509.2844564,openalex,2017,p2_2013_2019
10.1007/978-3-319-52691-1_17,10.1145/2591708.2591724,openalex,2017,p2_2013_2019
10.1007/978-3-319-52691-1_17,10.1145/2462476.2462479,openalex,2017,p2_2013_2019
10.1007/978-3-319-52691-1_19,10.3102/0013189x12463051,openalex,2017,p2_2013_2019
10.1007/978-3-319-52691-1_19,10.1016/j.compedu.2014.11.022,openalex,2017,p2_2013_2019
10.1016/j.compedu.2018.10.005,10.1111/jcal.12155,openalex,2019,p2_2013_2019
10.1016/j.compedu.2018.10.005,10.3102/0013189x12463051,openalex,2019,p2_2013_2019
10.1016/j.compedu.2018.10.005,10.1016/j.chb.2015.05.047,openalex,2019,p2_2013_2019
10.1016/j.compedu.2018.10.005,10.1016/j.chb.2014.09.012,openalex,2019,p2_2013_2019
10.1016/j.compedu.2018.10.005,10.1080/13614568.2016.1152314,openalex,2019,p2_2013_2019
10.1016/j.compedu.2018.10.005,10.1007/s11251-017-9421-5,openalex,2019,p2_2013_2019
10.1016/j.compedu.2018.10.005,10.1016/j.compedu.2016.03.003,openalex,2019,p2_2013_2019
10.1177/0022466918761120,10.1016/j.compedu.2013.10.020,openalex,2018,p2_2013_2019
10.1177/0022466918761120,10.1016/j.chb.2015.05.047,openalex,2018,p2_2013_2019
10.1177/0022466918761120,10.1016/j.chb.2014.09.012,openalex,2018,p2_2013_2019
10.1177/0022466918761120,10.1080/15391523.2016.1146563,openalex,2018,p2_2013_2019
10.1145/3173574.3173840,10.1145/3025453.3025711,openalex,2018,p2_2013_2019
10.1145/3173574.3173840,10.3102/0013189x12463051,openalex,2018,p2_2013_2019
10.1145/3173574.3173840,10.1016/j.chb.2016.08.047,openalex,2018,p2_2013_2019
10.1016/j.chb.2018.11.038,10.1016/j.compedu.2017.03.001,openalex,2019,p2_2013_2019
10.1016/j.chb.2018.11.038,10.3102/0013189x12463051,openalex,2019,p2_2013_2019
10.1016/j.chb.2018.11.038,10.1016/j.chb.2015.05.047,openalex,2019,p2_2013_2019
10.1016/j.chb.2018.11.038,10.1016/j.chb.2014.09.012,openalex,2019,p2_2013_2019
10.1016/j.chb.2018.11.038,10.1016/j.compedu.2016.03.003,openalex,2019,p2_2013_2019
10.1007/s10956-017-9709-x,10.1016/j.robot.2015.10.008,openalex,2018,p2_2013_2019
10.1007/s10956-017-9709-x,10.1016/j.compedu.2013.10.020,openalex,2018,p2_2013_2019
10.1007/s10956-017-9709-x,10.1007/s10956-016-9628-2,openalex,2018,p2_2013_2019
10.1109/access.2018.2890220,10.1109/access.2018.2877417,openalex,2019,p2_2013_2019
10.1016/j.chb.2015.05.047,10.1016/j.compedu.2013.10.020,openalex,2015,p2_2013_2019
10.1016/j.chb.2015.05.047,10.1145/2670757.2670761,openalex,2015,p2_2013_2019
10.1016/j.chb.2015.05.047,10.1016/j.sbspro.2014.05.119,openalex,2015,p2_2013_2019
10.1016/j.chb.2015.05.047,10.1145/2684721.2684736,openalex,2015,p2_2013_2019
10.1016/j.chb.2015.05.047,10.1016/j.chb.2014.09.012,openalex,2015,p2_2013_2019
10.15390/eb.2018.7678,10.3102/0013189x12463051,openalex,2019,p2_2013_2019
10.15390/eb.2018.7678,10.1016/j.robot.2015.10.008,openalex,2019,p2_2013_2019
10.15390/eb.2018.7678,10.1007/s11277-016-3679-9,openalex,2019,p2_2013_2019
10.15390/eb.2018.7678,10.1016/j.compedu.2016.03.003,openalex,2019,p2_2013_2019
